HSOAQ,AP880930-0069,0.25,0.4,0.9899953758176252,0.05238095238095238,0.2857142857142857
HSOAQ,AP890629-0038,0.1111111111111111,0.2,0.9748146692118678,0.26666666666666666,0.4
HSOAQ,AP880802-0131,0.42857142857142855,0.6,0.9971788573618308,0.12083333333333332,0.3
HSOAQ,AP880321-0151,0.17647058823529413,0.3,0.9966708554955664,0.19285714285714287,0.3
HSOAQ,AP890412-0121,0.0,0.0,0.9600048437604135,0.075,0.3
HSOAQ,AP890228-0135,0.0,0.0,0.9399561538740736,0.03666666666666667,0.2
HSOAQ,AP880725-0117,0.42857142857142855,0.6,0.9938732761205956,0.3,0.3
HSOAQ,AP880727-0195,0.25,0.4,0.9798173923121206,0.2888888888888889,0.4444444444444444
HSOAQ,AP880321-0121,0.3333333333333333,0.5,0.9915544560873867,0.4730952380952381,0.6
HSOAQ,AP890712-0128,0.0,0.0,0.9532231852968057,0.037037037037037035,0.3333333333333333
KIMCZ,AP880521-0028,0.42857142857142855,0.6,0.9965944296737214,0.36944444444444446,0.5
KIMCZ,AP880221-0034,0.17647058823529413,0.3,0.9818908968501358,0.23166666666666663,0.4
KIMCZ,AP890916-0040,0.0,0.0,0.9020295283991683,0.08607142857142858,0.3
KIMCZ,AP880606-0073,0.17647058823529413,0.3,0.9888515455055853,0.15607142857142856,0.4
KIMCZ,AP890531-0230,0.25,0.4,0.9855184583975554,0.2595238095238095,0.4
HYEAM,AP880623-0294,0.17647058823529413,0.3,0.9813228703061359,0.20416666666666666,0.375
ZMZFP,AP890308-0220,0.17647058823529413,0.3,0.9866848760912312,0.75,0.75
ZMZFP,AP890424-0284,0.17647058823529413,0.3,0.9860856332221327,0.5428571428571428,0.5714285714285714
ZMZFP,AP880721-0095,0.05263157894736842,0.1,0.9403884844007211,0.24999999999999997,0.375
ZMZFP,AP880917-0104,0.05263157894736842,0.1,0.940155951008283,0.32440476190476186,0.5
HOMFA,AP890313-0100,0.42857142857142855,0.6,0.9258032706051305,0.4,0.4
HOMFA,AP880420-0181,0.42857142857142855,0.6,0.9890107948444028,0.38,0.4
HOMFA,AP891220-0104,0.3333333333333333,0.5,0.9942719577495489,0.36476190476190473,0.5
HOMFA,AP890324-0215,0.5384615384615384,0.7,0.9945669353320685,0.2037037037037037,0.3333333333333333
HOMFA,AP880604-0024,0.05263157894736842,0.1,0.9827567002828106,0.12222222222222223,0.2
HOMFA,AP881124-0125,0.3333333333333333,0.5,0.9926883759768518,0.16190476190476188,0.3
HOMFA,AP891127-0132,0.05263157894736842,0.1,0.9612085557708336,0.24826388888888887,0.5
HOMFA,AP890428-0011,0.05263157894736842,0.1,0.9682310534370722,0.225,0.375
ZMZFP,AP880513-0101,0.05263157894736842,0.1,0.8519410028701847,0.47108843537414963,0.7142857142857143
ZMZFP,AP880630-0145,0.0,0.0,0.9726018393687763,0.1044642857142857,0.375
ZMZFP,AP880318-0173,0.5384615384615384,0.7,0.9971091684679023,0.375,0.5
ZMZFP,AP880706-0138,0.1111111111111111,0.2,0.9827404844285563,0.48677248677248675,0.5555555555555556
ZMZFP,AP880302-0232,0.1111111111111111,0.2,0.9375803021425793,0.5280612244897959,0.7142857142857143
ZMZFP,AP880220-0125,0.17647058823529413,0.3,0.9911142352759923,0.33214285714285713,0.4
ZMZFP,AP890416-0082,0.25,0.4,0.9848657578258296,0.3625,0.5
ZMZFP,AP880920-0161,0.1111111111111111,0.2,0.9912413842078236,0.11499999999999999,0.3
ZMZFP,AP891119-0020,0.42857142857142855,0.6,0.9903271794228463,0.5814814814814814,0.6666666666666666
ZMZFP,AP890313-0100,0.0,0.0,0.9280764395299657,0.14285714285714285,0.2857142857142857
ZMZFP,AP890127-0050,0.0,0.0,0.9719737375850127,0.20634920634920637,0.6666666666666666
HOMFA,AP881213-0156,0.0,0.0,0.9774483688023066,0.09259259259259259,0.2222222222222222
HOMFA,AP890621-0225,0.25,0.4,0.9875101354677615,0.355,0.4
HOMFA,AP890828-0248,0.1111111111111111,0.2,0.9706066135939251,0.15,0.3
HOMFA,AP890712-0145,0.0,0.0,0.9549799350542084,0.07857142857142857,0.2
HOMFA,AP880401-0072,0.1111111111111111,0.2,0.9918189460250633,0.037037037037037035,0.1111111111111111
HOMFA,AP880802-0131,0.42857142857142855,0.6,0.9976339501923936,0.1933333333333333,0.4
HOMFA,AP890908-0081,0.0,0.0,0.9262314974234701,0.3713095238095238,0.6
HOMFA,AP890919-0211,0.25,0.4,0.9784515152339197,0.26,0.3
HOMFA,AP891223-0097,0.0,0.0,0.9752958826316586,0.30357142857142855,0.375
HOMFA,AP890313-0100,0.0,0.0,0.9163067989364165,0.08333333333333333,0.3333333333333333
HSOAQ,AP890712-0128,0.1111111111111111,0.2,0.9227834899764061,0.5901360544217686,0.7142857142857143
HSOAQ,AP890713-0202,0.17647058823529413,0.3,0.9880800612158831,0.19416666666666665,0.4
HSOAQ,AP880706-0326,0.1111111111111111,0.2,0.9704995951385434,0.1873015873015873,0.4
HSOAQ,AP890722-0115,0.5384615384615384,0.7,0.9976992077388549,0.4222222222222222,0.4444444444444444
HSOAQ,AP890509-0192,0.5384615384615384,0.7,0.9935998033321722,0.16,0.3
HSOAQ,AP890426-0210,0.25,0.4,0.9921934728315467,0.5380952380952382,0.6
HSOAQ,AP880321-0288,0.0,0.0,0.9493035172530013,0.06888888888888889,0.3
HSOAQ,AP890626-0240,0.25,0.4,0.9879626237304562,0.16666666666666666,0.2
HSOAQ,AP890202-0029,0.1111111111111111,0.2,0.9689566908059255,0.1,0.2
HSOAQ,AP880226-0015,0.05263157894736842,0.1,0.9855260450093782,0.24074074074074073,0.6666666666666666
ZMZFP,AP890325-0114,0.0,0.0,0.9585673564014229,0.16666666666666666,0.4
ZMZFP,AP881024-0053,0.0,0.0,0.9176924465055138,0.20884353741496597,0.5714285714285714
ZMZFP,AP880510-0175,0.3333333333333333,0.5,0.9955585505714278,0.24444444444444446,0.4
ZMZFP,AP881027-0186,0.17647058823529413,0.3,0.990852304651593,0.355,0.4
ZMZFP,AP891108-0064,0.1111111111111111,0.2,0.9569949445887497,0.2875,0.375
ZMZFP,AP890810-0212,0.3333333333333333,0.5,0.974704047210801,0.32638888888888884,0.625
ZMZFP,AP891104-0133,0.25,0.4,0.9841097651126827,0.2,0.375
ZMZFP,AP890918-0032,0.25,0.4,0.9875319493481106,0.48395061728395056,0.5555555555555556
ZMZFP,AP890720-0241,0.25,0.4,0.9751261023774023,0.25555555555555554,0.4444444444444444
ZMZFP,AP890816-0057,0.42857142857142855,0.6,0.9983092978721156,0.4891666666666666,0.6
ZMZFP,AP880320-0047,0.0,0.0,0.967385611638336,0.19999999999999998,0.3333333333333333
HOMFA,AP881104-0070,0.0,0.0,0.9342713672372591,0.05,0.25
HOMFA,AP880220-0009,0.1111111111111111,0.2,0.9549050548772637,0.3211111111111111,0.5
HOMFA,AP881029-0101,0.42857142857142855,0.6,0.9925217451672445,0.5464285714285715,0.6
HOMFA,AP880226-0220,0.3333333333333333,0.5,0.9926697939553231,0.3571428571428571,0.5
HOMFA,AP890817-0173,0.42857142857142855,0.6,0.9974531777266701,0.346875,0.5
HOMFA,AP890227-0287,0.05263157894736842,0.1,0.98099234420514,0.08333333333333333,0.2
HOMFA,AP890525-0147,0.17647058823529413,0.3,0.9928642126763245,0.23166666666666663,0.4
HOMFA,AP880811-0157,0.1111111111111111,0.2,0.9785540514438749,0.16878306878306878,0.4444444444444444
HOMFA,AP880617-0289,0.25,0.4,0.9838461632900614,0.31714285714285717,0.5
HOMFA,AP890422-0040,0.0,0.0,0.9828693903753712,0.015873015873015872,0.14285714285714285
KIMCZ,AP880421-0166,0.25,0.4,0.9647666843172873,0.4714285714285714,0.5
KIMCZ,AP890205-0052,0.3333333333333333,0.5,0.9912686102306161,0.6,0.6
KIMCZ,AP890414-0086,0.05263157894736842,0.1,0.9587638436300286,0.07261904761904761,0.3
KIMCZ,AP880613-0034,0.25,0.4,0.9859148159859717,0.45,0.5
KIMCZ,AP890419-0092,0.0,0.0,0.9439712086307019,0.17083333333333334,0.3
DDSCR,AP880502-0077,0.1111111111111111,0.2,0.9908436245643548,0.35000000000000003,0.5
DDSCR,AP890518-0144,0.05263157894736842,0.1,0.9790968401991181,0.125,0.25
DDSCR,AP891127-0132,0.1111111111111111,0.2,0.9591464630778197,0.4658730158730159,0.625
DDSCR,AP890927-0033,0.05263157894736842,0.1,0.9785986790595486,0.19047619047619047,0.42857142857142855
DDSCR,AP891108-0155,0.1111111111111111,0.2,0.9512899682054308,0.255,0.6
DDSCR,AP891120-0176,0.3333333333333333,0.5,0.9981729900028906,0.34523809523809523,0.42857142857142855
YHZWN,AP880623-0294,0.17647058823529413,0.3,0.9812796302972864,0.34259259259259256,0.4444444444444444
SSPNB,AP880623-0294,0.3333333333333333,0.5,0.9780079681389132,0.3796296296296296,0.4444444444444444
ZJDLX,AP880917-0104,0.0,0.0,0.9039664022565239,0.0,0.0
ZJDLX,AP880721-0095,0.0,0.0,0.8589244868886857,0.0,0.0
TZUGR,AP891205-0198,0.1111111111111111,0.2,0.9603641151579114,0.1625,0.5
TZUGR,AP880623-0294,0.1111111111111111,0.2,0.971691364687601,0.26666666666666666,0.4
HSOAQ,AP880917-0104,0.05263157894736842,0.1,0.9466085511627027,0.2883597883597883,0.4444444444444444
HSOAQ,AP880721-0095,0.25,0.4,0.9876974812196335,0.16666666666666666,0.2
HSOAQ,AP890424-0284,0.0,0.0,0.9605356973976104,0.05,0.1
VXDPZ,AP880917-0104,0.0,0.0,0.9426936401344255,0.25,0.25
VXDPZ,AP880721-0095,0.1111111111111111,0.2,0.9707334187147195,0.06666666666666667,0.25
VXDPZ,AP890424-0284,0.17647058823529413,0.3,0.9868681803467452,0.2333333333333333,0.4
VXDPZ,AP890308-0220,0.25,0.4,0.988149779093002,0.47777777777777775,0.625
UOPBK,AP881111-0167,0.25,0.4,0.9879200235714934,0.25,0.3333333333333333
UOPBK,AP881121-0106,0.5384615384615384,0.7,0.9622075453644354,0.67,0.7
UOPBK,AP891130-0175,0.0,0.0,0.9480412960452336,0.16619047619047617,0.4
UOPBK,AP890128-0016,0.05263157894736842,0.1,0.9531630034209034,0.31805555555555554,0.5
UOPBK,AP880823-0008,0.6666666666666666,0.8,0.9886739497187254,0.6527777777777778,0.7
UOPBK,AP880320-0047,0.6666666666666666,0.8,0.9989694454725097,0.41666666666666663,0.5
UOPBK,AP880622-0299,0.1111111111111111,0.2,0.9565875050268382,0.355,0.4
VXDPZ,AP890728-0157,0.8181818181818182,0.9,0.9967811483438133,0.6468253968253967,0.7
VXDPZ,AP890419-0139,0.25,0.4,0.9866108539922775,0.33214285714285713,0.4
VXDPZ,AP890127-0050,0.17647058823529413,0.3,0.9935596003693133,0.5333333333333333,0.8
DDSCR,AP880721-0095,0.05263157894736842,0.1,0.9654131208028249,0.08444444444444445,0.4
DDSCR,AP880917-0104,0.05263157894736842,0.1,0.9674838035874573,0.36607142857142855,0.5
DDSCR,AP880823-0204,0.17647058823529413,0.3,0.9851657914383344,0.30444444444444446,0.6
DDSCR,AP890523-0136,0.1111111111111111,0.2,0.9831937920786235,0.12295918367346939,0.42857142857142855
DDSCR,AP890729-0052,0.42857142857142855,0.6,0.9867951049009696,0.5061728395061729,0.5555555555555556
DDSCR,AP880914-0112,0.17647058823529413,0.3,0.9915144778956169,0.6888888888888889,0.8
KIMCZ,AP880622-0316,0.1111111111111111,0.2,0.9544591716186385,0.49555555555555547,0.6
KIMCZ,AP881123-0283,0.0,0.0,0.9680251831658606,0.1733333333333333,0.3
KIMCZ,AP880630-0145,0.05263157894736842,0.1,0.9890063003979163,0.13166666666666665,0.4
KIMCZ,AP890918-0032,0.05263157894736842,0.1,0.9797196877528807,0.3,0.3
KIMCZ,AP891122-0068,0.42857142857142855,0.6,0.9852121111929396,0.1595238095238095,0.4
UOPBK,AP881206-0088,0.17647058823529413,0.3,0.9812276198769861,0.08703703703703704,0.3333333333333333
UOPBK,AP880220-0125,0.42857142857142855,0.6,0.9949308434130887,0.5380952380952382,0.6
UOPBK,AP890719-0025,0.42857142857142855,0.6,0.9948501365727827,0.27166666666666667,0.4
UOPBK,AP880321-0121,0.17647058823529413,0.3,0.9817310450271779,0.4363095238095238,0.6
UOPBK,AP880531-0026,0.3333333333333333,0.5,0.9912725083574612,0.3430952380952381,0.5
UOPBK,AP891229-0186,0.1111111111111111,0.2,0.9901197759027954,0.2095238095238095,0.4
UOPBK,AP880310-0226,0.0,0.0,0.960336006663782,0.04857142857142857,0.2
UOPBK,AP890626-0240,0.42857142857142855,0.6,0.9936666588497834,0.35583333333333333,0.5
UOPBK,AP891104-0005,0.1111111111111111,0.2,0.9884590337626109,0.08068783068783068,0.3333333333333333
HSOAQ,AP890123-0224,0.42857142857142855,0.6,0.9965170149881738,0.2451499118165785,0.4444444444444444
HSOAQ,AP890608-0152,0.17647058823529413,0.3,0.9799082410271978,0.34444444444444444,0.4
HSOAQ,AP880629-0144,0.1111111111111111,0.2,0.9706492064302132,0.1898148148148148,0.3333333333333333
HSOAQ,AP880908-0188,0.25,0.4,0.9697043675486114,0.18333333333333332,0.3
HSOAQ,AP890803-0059,0.1111111111111111,0.2,0.9746006556902969,0.2,0.2
HSOAQ,AP880325-0237,0.3333333333333333,0.5,0.9872233766590991,0.11666666666666665,0.3
HSOAQ,AP880513-0101,0.17647058823529413,0.3,0.8475552779287404,0.2583333333333333,0.4
HSOAQ,AP880528-0031,0.17647058823529413,0.3,0.9808342160130893,0.39285714285714285,0.42857142857142855
HSOAQ,AP891009-0097,0.1111111111111111,0.2,0.9564438504434049,0.27166666666666667,0.4
HSOAQ,AP890512-0173,0.25,0.4,0.9928952248264242,0.20833333333333331,0.5
HOMFA,AP890422-0040,0.1111111111111111,0.2,0.9880676337222832,0.3333333333333333,0.6666666666666666
HOMFA,AP890629-0038,0.3333333333333333,0.5,0.9912411483869671,0.375,0.375
HOMFA,AP880726-0143,0.1111111111111111,0.2,0.9844263495114373,0.29444444444444445,0.5
HOMFA,AP890703-0148,0.05263157894736842,0.1,0.9509729979520152,0.05,0.1
HOMFA,AP890301-0238,0.3333333333333333,0.5,0.9790754650539041,0.18285714285714286,0.3
HOMFA,AP890522-0296,0.05263157894736842,0.1,0.9857100683904445,0.19,0.4
HOMFA,AP891130-0220,0.05263157894736842,0.1,0.9504871790860105,0.27749999999999997,0.4
HOMFA,AP881204-0007,0.25,0.4,0.9961338117094498,0.27166666666666667,0.4
HOMFA,AP891104-0005,0.3333333333333333,0.5,0.991836221359049,0.10833333333333332,0.3
HOMFA,AP880401-0284,0.25,0.4,0.9884955471965396,0.05555555555555555,0.16666666666666666
HSOAQ,AP890512-0173,0.42857142857142855,0.6,0.9975487814820131,0.28888888888888886,0.5
HSOAQ,AP890703-0137,0.17647058823529413,0.3,0.9045271499374883,0.2771825396825397,0.625
BLOPD,AP880623-0294,0.25,0.4,0.9813888963648157,0.3416666666666667,0.4
UOPBK,AP890308-0220,0.25,0.4,0.9942647337543931,0.53,0.6
UOPBK,AP890424-0284,0.1111111111111111,0.2,0.9839046498338347,0.23333333333333334,0.3
UOPBK,AP880721-0095,0.3333333333333333,0.5,0.9957137092728756,0.3488888888888889,0.5
UOPBK,AP880917-0104,0.0,0.0,0.9449969795348788,0.24416666666666664,0.4
UOPBK,AP881001-0081,0.25,0.4,0.9844586714304082,0.2861111111111111,0.4
UOPBK,AP880823-0204,0.17647058823529413,0.3,0.9863181610578667,0.19833333333333333,0.4
UOPBK,AP881111-0167,0.1111111111111111,0.2,0.9612797630703147,0.225,0.5
HSOAQ,AP890406-0119,0.1111111111111111,0.2,0.9763054276958033,0.5,1.0
HSOAQ,AP890302-0037,0.05263157894736842,0.1,0.9789710125707936,0.19,0.3
HSOAQ,AP890209-0263,0.25,0.4,0.9717120932925211,0.275,0.3
HSOAQ,AP880622-0299,0.05263157894736842,0.1,0.9443928886932667,0.275,0.3
HSOAQ,AP890218-0025,0.1111111111111111,0.2,0.979036601065913,0.3071428571428571,0.4
HSOAQ,AP890410-0259,0.0,0.0,0.9097084036124042,0.01,0.1
HSOAQ,AP881013-0147,0.0,0.0,0.9123014485654269,0.3071428571428571,0.4
HSOAQ,AP890902-0140,0.1111111111111111,0.2,0.9925599865304962,0.12222222222222223,0.2
VXDPZ,AP891130-0014,0.17647058823529413,0.3,0.9825971794129986,0.23047619047619045,0.5
VXDPZ,AP880325-0087,0.0,0.0,0.9375497072075456,0.4375,0.5
ZMZFP,AP880917-0104,0.0,0.0,0.9046962327314603,0.0,0.0
ZMZFP,AP880728-0157,0.3333333333333333,0.5,0.9854942102776942,0.3469387755102041,0.42857142857142855
ZMZFP,AP890226-0022,0.0,0.0,0.9643729165385949,0.0625,0.125
ZMZFP,AP880409-0174,0.1111111111111111,0.2,0.9689715012826701,0.06031746031746032,0.2857142857142857
ZMZFP,AP890713-0202,0.17647058823529413,0.3,0.9911544993151387,0.09375,0.25
ZMZFP,AP880423-0081,0.17647058823529413,0.3,0.9701024524290729,0.046296296296296294,0.2222222222222222
ZMZFP,AP880421-0011,0.17647058823529413,0.3,0.9838446088241136,0.16581632653061223,0.42857142857142855
ZMZFP,AP890722-0115,0.3333333333333333,0.5,0.9894713734685964,0.553125,0.625
ZMZFP,AP891020-0231,0.1111111111111111,0.2,0.9847263616668401,0.34226190476190477,0.5
ZMZFP,AP880610-0043,0.0,0.0,0.9460520670431279,0.1733333333333333,0.3
ZMZFP,AP890817-0039,0.1111111111111111,0.2,0.9567523727466531,0.05333333333333333,0.2
ZMZFP,AP890325-0114,0.05263157894736842,0.1,0.974713890416815,0.4151785714285714,0.75
UOPBK,AP890522-0296,0.05263157894736842,0.1,0.9790367108230217,0.05,0.2
UOPBK,AP881020-0180,0.17647058823529413,0.3,0.9854443626906162,0.31714285714285717,0.4
UOPBK,AP880801-0121,0.25,0.4,0.9720952499679786,0.40499999999999997,0.5
UOPBK,AP890127-0050,0.1111111111111111,0.2,0.9898127711352227,0.25396825396825395,0.5
UOPBK,AP881209-0034,0.25,0.4,0.9869058155978908,0.19285714285714287,0.3
KIMCZ,AP890308-0220,0.5384615384615384,0.7,0.9949062051766421,0.46333333333333326,0.5
KIMCZ,AP890424-0284,0.1111111111111111,0.2,0.982365527762796,0.01111111111111111,0.1
KIMCZ,AP880721-0095,0.42857142857142855,0.6,0.9967214839073129,0.13333333333333333,0.2
KIMCZ,AP880917-0104,0.05263157894736842,0.1,0.9424295094117556,0.3655555555555556,0.5
KIMCZ,AP891214-0098,0.0,0.0,0.962701584775108,0.06666666666666667,0.3333333333333333
ZMZFP,AP880320-0047,0.17647058823529413,0.3,0.9869197596110751,0.5,1.0
ZMZFP,AP880225-0196,0.17647058823529413,0.3,0.9775028134585644,0.5866666666666667,0.8
ZMZFP,AP880401-0072,0.17647058823529413,0.3,0.981166206641854,0.15416666666666667,0.375
ZMZFP,AP880618-0079,0.0,0.0,0.5366557198718171,0.02222222222222222,0.2
ZMZFP,AP890406-0119,0.3333333333333333,0.5,0.9897517366569474,0.025,0.125
ZMZFP,AP890414-0017,0.17647058823529413,0.3,0.9897518593041951,0.15,0.2
ZMZFP,AP880321-0121,0.25,0.4,0.9835784855310798,0.4797619047619047,0.6
ZMZFP,AP880502-0077,0.42857142857142855,0.6,0.9986763304088796,0.5637755102040816,0.7142857142857143
ZMZFP,AP880216-0127,0.1111111111111111,0.2,0.9708993210809409,0.17916666666666664,0.375
ZMZFP,AP890419-0092,0.25,0.4,0.978617029557331,0.46388888888888885,0.5555555555555556
ZMZFP,AP880418-0006,0.0,0.0,0.9261196925075399,0.34375,0.375
ZMZFP,AP880513-0101,0.0,0.0,0.8079409686615864,0.0,0.0
LNLKA,AP880623-0294,0.1111111111111111,0.2,0.9752918599743532,0.2375,0.375
HOMFA,AP880401-0284,0.0,0.0,0.965178666583487,0.0,0.0
HOMFA,AP880421-0122,0.1111111111111111,0.2,0.9858106518481299,0.20444444444444443,0.4
HOMFA,AP891215-0105,0.1111111111111111,0.2,0.9564689449119211,0.3,0.4
HOMFA,AP890713-0202,0.1111111111111111,0.2,0.9806673485379565,0.07333333333333333,0.2
HOMFA,AP891119-0020,0.05263157894736842,0.1,0.9745470891678087,0.15,0.2
HOMFA,AP880803-0103,0.5384615384615384,0.7,0.9993157202751457,0.4514285714285714,0.5
HOMFA,AP890524-0142,0.0,0.0,0.8058645668212315,0.08888888888888889,0.3333333333333333
HOMFA,AP880701-0042,0.17647058823529413,0.3,0.969753547859247,0.3578231292517007,0.7142857142857143
HOMFA,AP890308-0120,0.42857142857142855,0.6,0.9924409265572477,0.53,0.6
HOMFA,AP890531-0230,0.05263157894736842,0.1,0.9800476607203098,0.1775,0.3
HOMFA,AP891113-0164,0.0,0.0,0.9350242965857412,0.0625,0.5
ZMZFP,AP890127-0050,0.1111111111111111,0.2,0.989056281929579,0.10787037037037035,0.5
ZMZFP,AP891229-0168,0.05263157894736842,0.1,0.9431381517478525,0.2142857142857143,0.3333333333333333
ZMZFP,AP880929-0138,0.42857142857142855,0.6,0.9892220693811478,0.49166666666666664,0.5555555555555556
ZMZFP,AP891208-0058,0.05263157894736842,0.1,0.9707081832119018,0.125,0.125
ZMZFP,AP880825-0236,0.05263157894736842,0.1,0.9445445973192176,0.4,0.4
HOMFA,AP890308-0220,0.25,0.4,0.9921676516509012,0.3638888888888888,0.5
HOMFA,AP890424-0284,0.3333333333333333,0.5,0.9936812154391406,0.34444444444444444,0.4
HOMFA,AP880721-0095,0.25,0.4,0.9891862725400591,0.12333333333333334,0.3
HOMFA,AP880917-0104,0.05263157894736842,0.1,0.9446308212904664,0.33214285714285713,0.4
HOMFA,AP890711-0158,0.0,0.0,0.9222761351676374,0.0,0.0
UOPBK,AP891104-0005,0.0,0.0,0.13902951288342358,0.0,0.0
UOPBK,AP880803-0103,0.5384615384615384,0.7,0.9991677058022967,0.4514285714285714,0.5
UOPBK,AP890104-0157,0.1111111111111111,0.2,0.9798327692192522,0.19166666666666665,0.3
UOPBK,AP890311-0159,0.5384615384615384,0.7,0.993586775042161,0.3555555555555555,0.5
UOPBK,AP880326-0137,0.5384615384615384,0.7,0.9957682922369508,0.5830952380952381,0.7
UOPBK,AP880827-0141,0.17647058823529413,0.3,0.9946574161601338,0.17619047619047618,0.3
UOPBK,AP891212-0076,0.25,0.4,0.9840364440888134,0.40555555555555556,0.5
UOPBK,AP881104-0104,0.17647058823529413,0.3,0.9816897541504459,0.6,0.6
UOPBK,AP890202-0004,0.17647058823529413,0.3,0.9869190698544358,0.36964285714285716,0.6
UOPBK,AP890414-0017,0.25,0.4,0.9691800066462735,0.32857142857142857,0.42857142857142855
VXDPZ,AP890128-0016,0.1111111111111111,0.2,0.971685818248807,0.3634920634920635,0.5714285714285714
VXDPZ,AP891023-0111,0.25,0.4,0.9711373912205387,0.24166666666666664,0.3
VXDPZ,AP881026-0117,0.05263157894736842,0.1,0.9368877746990839,0.4083333333333333,0.5
VXDPZ,AP880627-0153,0.17647058823529413,0.3,0.9887641529557307,0.12333333333333334,0.3
VXDPZ,AP881116-0010,0.0,0.0,0.9671204285392012,0.25357142857142856,0.42857142857142855
VXDPZ,AP880916-0032,0.0,0.0,0.9802948571890262,0.13333333333333333,0.3
VXDPZ,AP881204-0007,0.1111111111111111,0.2,0.9862961078207092,0.33416666666666667,0.5
VXDPZ,AP890719-0025,0.25,0.4,0.9804704960535221,0.1433333333333333,0.3
VXDPZ,AP880421-0166,0.42857142857142855,0.6,0.971136034205721,0.4219576719576719,0.5555555555555556
VXDPZ,AP880530-0182,0.25,0.4,0.9448550268648883,0.3611111111111111,0.5
HSOAQ,AP880930-0069,0.0,0.0,0.9666203631089106,0.0,0.0
UOPBK,AP891212-0051,0.05263157894736842,0.1,0.9682289120898301,0.40902777777777777,0.625
UOPBK,AP890629-0030,0.1111111111111111,0.2,0.9663816327755692,0.22999999999999998,0.3
UOPBK,AP880313-0097,0.17647058823529413,0.3,0.985592413336889,0.11333333333333333,0.3
UOPBK,AP880324-0305,0.25,0.4,0.9512662942035006,0.38936507936507936,0.6
UOPBK,AP880723-0185,0.42857142857142855,0.6,0.9805450696942487,0.35,0.4
UOPBK,AP890802-0190,0.05263157894736842,0.1,0.9505824559716024,0.21333333333333332,0.4
UOPBK,AP890403-0101,0.1111111111111111,0.2,0.9619715840469945,0.2571428571428571,0.4
UOPBK,AP880325-0087,0.0,0.0,0.937864825644963,0.17083333333333334,0.3
UOPBK,AP880811-0157,0.25,0.4,0.9809213152300227,0.40714285714285714,0.5
UOPBK,AP881206-0088,0.0,0.0,0.877850422733402,0.0,0.0
VXDPZ,AP890127-0050,0.17647058823529413,0.3,0.9874189253593098,0.25,0.5
VXDPZ,AP880608-0215,0.42857142857142855,0.6,0.9970875756841909,0.22083333333333333,0.375
VXDPZ,AP890202-0227,0.0,0.0,0.9586201556944209,0.2,0.4
VXDPZ,AP890422-0040,0.1111111111111111,0.2,0.9791910470004593,0.14583333333333331,0.375
VXDPZ,AP890406-0119,0.5384615384615384,0.7,0.9921979625205717,0.2469387755102041,0.5714285714285714
UOPBK,AP880802-0073,0.17647058823529413,0.3,0.9841466720745967,0.7254365079365078,0.8
UOPBK,AP880414-0285,0.42857142857142855,0.6,0.9923712921358526,0.32166666666666666,0.5
UOPBK,AP880718-0115,0.0,0.0,0.972387729830968,0.09666666666666665,0.3
UOPBK,AP880420-0181,0.3333333333333333,0.5,0.9843319663461468,0.3463095238095238,0.5
UOPBK,AP880711-0175,0.25,0.4,0.9280111563353728,0.4314285714285714,0.6
UOPBK,AP891212-0051,0.1111111111111111,0.2,0.9598393750739068,0.5,0.5
KIMCZ,AP891214-0098,0.42857142857142855,0.6,0.9973529595884661,0.41666666666666663,0.7142857142857143
KIMCZ,AP891021-0077,0.42857142857142855,0.6,0.9930851017471843,0.6083333333333333,0.7
KIMCZ,AP881024-0053,0.17647058823529413,0.3,0.9456793078557698,0.18047619047619048,0.4
KIMCZ,AP881118-0110,0.25,0.4,0.9929308369755458,0.08273809523809524,0.3
KIMCZ,AP890901-0017,0.0,0.0,0.9629985805327315,0.11666666666666665,0.3
KIMCZ,AP880603-0173,0.25,0.4,0.9894444562914076,0.26666666666666666,0.4
KIMCZ,AP881206-0121,0.1111111111111111,0.2,0.9731708873532179,0.21000000000000002,0.3
KIMCZ,AP890904-0045,0.0,0.0,0.9471520615917572,0.065,0.2
DDSCR,AP890308-0220,0.25,0.4,0.991013931548986,0.9166666666666666,1.0
DDSCR,AP890424-0284,0.17647058823529413,0.3,0.9807155387310182,0.4666666666666667,0.6
DDSCR,AP880721-0095,0.0,0.0,0.8999609491206608,0.16666666666666666,0.5
HSOAQ,AP880226-0015,0.0,0.0,0.9767894868664583,0.14285714285714285,0.14285714285714285
HSOAQ,AP890127-0050,0.5384615384615384,0.7,0.9919510501522066,0.3716666666666667,0.5
HSOAQ,AP891130-0175,0.0,0.0,0.955262653410643,0.11333333333333333,0.3
HSOAQ,AP890107-0063,0.05263157894736842,0.1,0.9809967063122585,0.23047619047619045,0.5
HSOAQ,AP890407-0256,0.3333333333333333,0.5,0.9766868810702762,0.22111111111111112,0.4
HSOAQ,AP891208-0225,0.1111111111111111,0.2,0.9711289177893204,0.27111111111111114,0.5
HSOAQ,AP880825-0156,0.05263157894736842,0.1,0.9305148408133176,0.3194444444444445,0.4
HSOAQ,AP880702-0133,0.0,0.0,0.9684791340614943,0.18777777777777777,0.4
HSOAQ,AP890123-0224,0.0,0.0,0.9065475630703449,0.0,0.0
SNEBC,AP880623-0294,0.25,0.4,0.9787000086274256,0.36666666666666664,0.4
VXDPZ,AP880312-0006,0.05263157894736842,0.1,0.9717231034499995,0.125,0.25
VXDPZ,AP891208-0058,0.05263157894736842,0.1,0.9775920980734416,0.25555555555555554,0.3333333333333333
VXDPZ,AP890505-0258,0.25,0.4,0.961677541883483,0.3571428571428571,0.4
VXDPZ,AP891211-0031,0.5384615384615384,0.7,0.9987093285745682,0.5892857142857143,0.625
VXDPZ,AP890626-0132,0.1111111111111111,0.2,0.9881544160218771,0.3055555555555556,0.3333333333333333
VXDPZ,AP890211-0142,0.25,0.4,0.9777282972523728,0.3238095238095238,0.42857142857142855
VXDPZ,AP890525-0147,0.25,0.4,0.9939791191016911,0.33999999999999997,0.4
VXDPZ,AP880706-0299,0.1111111111111111,0.2,0.9754919936624563,0.4583333333333333,0.5
HSOAQ,AP890308-0220,0.25,0.4,0.9931114923188408,0.505,0.6
HSOAQ,AP880401-0072,0.05263157894736842,0.1,0.9839509668570092,0.07333333333333333,0.2
HSOAQ,AP890406-0119,0.05263157894736842,0.1,0.9432572691531744,0.03333333333333333,0.16666666666666666
HOMFA,AP891113-0164,0.0,0.0,0.9379315035372041,0.06666666666666667,0.25
HOMFA,AP880614-0056,0.1111111111111111,0.2,0.971240509117868,0.1,0.2
HOMFA,AP890619-0215,0.25,0.4,0.985378146559759,0.5015873015873016,0.5555555555555556
HOMFA,AP891009-0097,0.05263157894736842,0.1,0.9575587650187658,0.33121693121693124,0.5555555555555556
HOMFA,AP891125-0082,0.17647058823529413,0.3,0.9936507516686857,0.2698412698412698,0.3333333333333333
HOMFA,AP881024-0053,0.05263157894736842,0.1,0.9443357568849287,0.15555555555555556,0.3333333333333333
HOMFA,AP880829-0248,0.17647058823529413,0.3,0.9792713911163976,0.16296296296296295,0.3333333333333333
HOMFA,AP890720-0241,0.05263157894736842,0.1,0.9818124850682522,0.025,0.125
HOMFA,AP880310-0268,0.5384615384615384,0.7,0.9858030005507703,0.5615646258503402,0.7142857142857143
HOMFA,AP890126-0068,0.42857142857142855,0.6,0.994870318221804,0.24714285714285716,0.4
HOMFA,AP881213-0156,0.0,0.0,0.9047506006956835,0.0,0.0
VXDPZ,AP881119-0060,0.1111111111111111,0.2,0.9706374686145012,0.05555555555555555,0.3333333333333333
VXDPZ,AP880827-0141,0.42857142857142855,0.6,0.9964657237957171,0.16666666666666666,0.16666666666666666
VXDPZ,AP890202-0234,0.1111111111111111,0.2,0.9297263098958204,0.32142857142857145,0.5
VXDPZ,AP891104-0005,0.3333333333333333,0.5,0.9967238229747624,0.46990740740740744,0.6666666666666666
VXDPZ,AP881206-0121,0.3333333333333333,0.5,0.951329763714625,0.8375,0.875
VXDPZ,AP880421-0310,0.1111111111111111,0.2,0.9672772569358326,0.16666666666666666,0.2222222222222222
VXDPZ,AP880220-0009,0.42857142857142855,0.6,0.9813922407970177,0.5148148148148147,0.5555555555555556
VXDPZ,AP881027-0126,0.42857142857142855,0.6,0.9831093472467676,0.46913580246913583,0.5555555555555556
VXDPZ,AP890925-0191,0.17647058823529413,0.3,0.9733380863373697,0.06190476190476191,0.2
VXDPZ,AP890107-0088,0.25,0.4,0.9964579496616027,0.3422222222222222,0.6
VXDPZ,AP881129-0210,0.3333333333333333,0.5,0.9958358138467245,0.09666666666666665,0.3
ZJDLX,AP880409-0180,0.0,0.0,0.964093205467142,0.0,0.0
VXDPZ,AP890308-0220,0.0,0.0,0.9137218456447808,0.125,0.5
VXDPZ,AP880920-0044,0.1111111111111111,0.2,0.9387443553084377,0.16666666666666666,0.3333333333333333
VXDPZ,AP890405-0035,0.05263157894736842,0.1,0.9710075698118408,0.2333333333333333,0.5
VXDPZ,AP881118-0110,0.3333333333333333,0.5,0.9939774244727887,0.22063492063492066,0.5
VXDPZ,AP890512-0173,0.42857142857142855,0.6,0.9974461046635716,0.35,0.4
VXDPZ,AP890727-0011,0.0,0.0,0.9349793202814339,0.041666666666666664,0.25
VXDPZ,AP890414-0086,0.3333333333333333,0.5,0.9758335691000696,0.24999999999999997,0.5
VXDPZ,AP880809-0056,0.05263157894736842,0.1,0.9648466979655472,0.3333333333333333,0.3333333333333333
VXDPZ,AP881123-0283,0.17647058823529413,0.3,0.9802688634131363,0.4888888888888889,0.6666666666666666
VXDPZ,AP891215-0107,0.0,0.0,0.9541988003580527,0.09285714285714286,0.2857142857142857
VXDPZ,AP880930-0069,0.42857142857142855,0.6,0.9906276627962255,0.03333333333333333,0.2
VXDPZ,AP880225-0196,0.17647058823529413,0.3,0.9749733257320673,0.475,0.5
VXDPZ,AP890308-0225,0.17647058823529413,0.3,0.9859147347297246,0.2222222222222222,0.3333333333333333
VXDPZ,AP881119-0060,0.0,0.0,0.981686341726785,0.0,0.0
ZJDLX,AP890424-0284,0.0,0.0,0.928789999378669,0.0,0.0
ZJDLX,AP890412-0121,0.0,0.0,0.9153425006954958,0.0,0.0
ZJDLX,AP880528-0031,0.0,0.0,0.923893229681071,0.0,0.0
HOMFA,AP890711-0158,0.0,0.0,0.9143737466795046,0.125,0.25
HOMFA,AP880920-0161,0.1111111111111111,0.2,0.9910037073158564,0.2515151515151515,0.36363636363636365
HOMFA,AP890228-0135,0.0,0.0,0.9733056421126824,0.13999999999999999,0.2
HOMFA,AP880908-0152,0.0,0.0,0.9218236464300175,0.3055555555555556,0.3333333333333333
HOMFA,AP890927-0033,0.05263157894736842,0.1,0.9696233534699589,0.2373015873015873,0.5
HOMFA,AP891107-0244,0.05263157894736842,0.1,0.961915525449768,0.2,0.2
HOMFA,AP891208-0225,0.1111111111111111,0.2,0.9867924045579081,0.2525573192239859,0.5555555555555556
HOMFA,AP880420-0258,0.0,0.0,0.9714640139988037,0.03428571428571429,0.2
HOMFA,AP880215-0223,0.3333333333333333,0.5,0.9893985765190971,0.2655555555555556,0.5
HOMFA,AP881104-0070,0.05263157894736842,0.1,0.9563693424151121,0.11084656084656085,0.5
ZJDLX,AP880409-0180,0.05263157894736842,0.1,0.9669232356785351,0.0,0.0
ZJDLX,AP880321-0288,0.0,0.0,0.8579387795747222,0.0,0.0
ZJDLX,AP880609-0179,0.0,0.0,0.9125287483445537,0.0,0.0
ZJDLX,AP891218-0158,0.1111111111111111,0.2,0.9863853826722375,0.0,0.0
VXDPZ,AP891130-0220,0.05263157894736842,0.1,0.9398699218666174,0.3392857142857143,0.42857142857142855
VXDPZ,AP891223-0097,0.0,0.0,0.963507729798776,0.3,0.5
VXDPZ,AP890430-0036,0.0,0.0,0.9302079711033102,0.33999999999999997,0.4
VXDPZ,AP880428-0135,0.1111111111111111,0.2,0.9870233116254259,0.1025,0.3
VXDPZ,AP891219-0099,0.17647058823529413,0.3,0.9744037175538504,0.20714285714285713,0.4
VXDPZ,AP890404-0141,0.3333333333333333,0.5,0.9915910699178563,0.07857142857142857,0.2
VXDPZ,AP880321-0288,0.0,0.0,0.9518039414826364,0.1269047619047619,0.4
VXDPZ,AP891124-0188,0.1111111111111111,0.2,0.9827800565440976,0.0,0.0
VXDPZ,AP880312-0006,0.05263157894736842,0.1,0.9811054003485753,0.09,0.4
UOPBK,AP890414-0017,0.17647058823529413,0.3,0.9864921438821851,0.1574074074074074,0.6666666666666666
UOPBK,AP881027-0186,0.3333333333333333,0.5,0.9941995989341526,0.4597619047619048,0.6
UOPBK,AP880601-0222,0.3333333333333333,0.5,0.9974723962493764,0.4714285714285714,0.5
UOPBK,AP880610-0043,0.0,0.0,0.9767551852899485,0.2344444444444444,0.4
UOPBK,AP880413-0234,0.17647058823529413,0.3,0.9721623771617259,0.16619047619047617,0.4
UOPBK,AP880713-0031,0.05263157894736842,0.1,0.9767853345414829,0.16190476190476188,0.3
UOPBK,AP880411-0049,0.05263157894736842,0.1,0.9738230978747234,0.16666666666666666,0.2
UOPBK,AP880223-0026,0.0,0.0,0.9697806046798382,0.19,0.3
UOPBK,AP890704-0109,0.17647058823529413,0.3,0.9882592596940125,0.4222222222222222,0.5
UOPBK,AP890522-0296,0.1111111111111111,0.2,0.9782145196855303,0.22666666666666666,0.6
