docno,query,baselineScore,expandedScore
FT934-3952,352,-10.892480899706484,-9.543092618209519
FT934-3952,363,-8.884020900487604,-8.882286723095019
FT934-3952,436,-10.738757402982692,-9.123552229710235
GX007-93-12310235,726,-7.4746830515432805,-7.570923758322889
AP880623-0294,174,-7.1926858679799395,-6.956456169501756
FT934-3952,352,-10.892480899706484,-9.543092618209519
FT934-3952,363,-8.884020900487604,-8.882286723095019
FT934-3952,436,-10.738757402982692,-9.123552229710235
GX007-93-12310235,726,-7.4746830515432805,-7.570923758322889
AP880623-0294,174,-7.1926858679799395,-6.956456169501756
AP880917-0104,148,-9.480126346616634,-9.06146282211784
AP880721-0095,125,-7.298981322739294,-7.244791932215264
AP880721-0095,172,-9.919697389449398,-8.985802669421668
AP880721-0095,173,-8.590622234009274,-6.520396777754632
WTX099-B24-354,503,-8.915480983494676,-8.784984297616695
FBIS3-39240,362,-9.40475133274814,-8.6249953636394
FBIS3-39240,401,-8.269345983959312,-8.188110060425013
GX009-91-3983369,718,-7.060702851236867,-6.934690945630257
FBIS3-40185,414,-8.50428430292157,-8.006088813423712
AP890424-0284,195,-10.008235532023013,-9.294347971211998
FT941-10100,450,-6.431628715897155,-6.3240990788141085
GX011-80-1074652,714,-7.4474879196595785,-7.396605365127295
WTX101-B11-76,480,-7.306805446552482,-6.952543120619759
WTX016-B14-3,500,-6.2617964800817845,-6.476339544368683
GX010-11-11242343,804,-7.889829206836708,-6.83060278434755
FT931-4409,389,-9.34989960937746,-9.365036970852898
WTX018-B20-194,537,-8.611038920825953,-9.142784826168002
WTX026-B08-107,507,-9.9354469989592,-10.704604366195433
AP890412-0121,133,-10.49481286460045,-7.886489735728974
AP880528-0031,144,-7.984086611149605,-8.021346717486768
WTX024-B42-140,525,-7.707967365126823,-7.714001619665339
WTX024-B42-140,541,-7.064497470604955,-7.419224592266881
AP880409-0180,142,-8.900586725761737,-8.162728489422676
LA010189-0141,436,-10.668191765386808,-8.57362882734018
AP880321-0288,169,-10.02063972499769,-10.465433541383547
GX244-55-7689023,796,-7.644009819378249,-7.469497435140934
FR940318-0-00101,338,-11.20295411474245,-11.291949496167078
AP880609-0179,129,-7.03873742714877,-7.598200350806716
AP880609-0179,149,-8.606936892794858,-8.469476143044162
AP891218-0158,150,-7.993249319702086,-8.19200927611534
WTX057-B41-159,453,-5.546244570314476,-5.7542806291126665
FT934-3952,352,-10.892480899706484,-9.543092618209519
FT934-3952,363,-8.884020900487604,-8.882286723095019
FT934-3952,436,-10.738757402982692,-9.123552229710235
GX007-93-12310235,726,-7.4746830515432805,-7.570923758322889
AP891205-0198,117,-8.043071181812186,-7.5914820656695685
AP880623-0294,174,-7.1926858679799395,-6.956456169501756
AP880917-0104,148,-9.480126346616634,-9.06146282211784
AP880721-0095,125,-7.298981322739294,-7.244791932215264
AP880721-0095,172,-9.919697389449398,-8.985802669421668
AP880721-0095,173,-8.590622234009274,-6.520396777754632
WTX099-B24-354,503,-8.915480983494676,-8.784984297616695
FBIS3-39240,362,-9.40475133274814,-8.6249953636394
FBIS3-39240,401,-8.269345983959312,-8.188110060425013
FBIS3-40185,414,-8.50428430292157,-8.006088813423712
AP890424-0284,195,-10.008235532023013,-9.294347971211998
WTX018-B20-194,537,-8.611038920825953,-9.142784826168002
WTX026-B08-107,507,-9.9354469989592,-10.704604366195433
GX010-11-11242343,804,-7.889829206836708,-6.83060278434755
WTX016-B14-3,500,-6.2617964800817845,-6.476339544368683
AP890308-0220,158,-8.057765761445303,-7.8207105650558155
WTX101-B11-76,480,-7.306805446552482,-6.952543120619759
GX011-80-1074652,714,-7.4474879196595785,-7.396605365127295
FT941-10100,450,-6.431628715897155,-6.3240990788141085
FR940318-0-00101,338,-11.20295411474245,-11.291949496167078
LA060889-0033,637,-11.98882233219856,-11.464010071140914
AP880401-0072,148,-10.15768059886734,-8.64571437087373
GX058-10-5669493,791,-10.022840921546997,-7.51428179268419
AP890406-0119,142,-9.423121063648598,-9.330203356440936
FT934-5147,332,-8.26175018248237,-7.967762465857217
GX037-41-11641254,720,-6.117650124828435,-6.217328902397691
WTX089-B39-68,483,-14.38067355178621,-14.139725918199403
GX244-07-12005999,788,-6.766389056898499,-6.367418357171145
AP890302-0037,158,-8.2528712960295,-7.683046982606736
WTX081-B02-21,454,-10.750155107142223,-7.620498002190621
AP890209-0263,191,-9.00912755049392,-8.955479431805044
FBIS3-41598,357,-10.268116498880582,-10.218787664300105
WTX054-B01-194,454,-9.823315628866961,-7.211964820187158
AP880622-0299,197,-10.49389292960164,-10.16164702028815
FR940217-2-00013,304,-6.793365983970505,-6.471211104395541
FR940217-2-00013,314,-8.9758636237949,-8.74270034656512
FR940217-2-00013,355,-10.238625502307539,-10.294169372537748
FR940217-2-00013,399,-12.530276796722637,-9.412536999369978
FR940217-2-00013,439,-10.840276131173784,-10.856528840953347
WTX076-B01-163,530,-11.989579386855851,-8.865503731099487
AP890218-0025,110,-8.018544371231235,-7.4730701022901425
WTX032-B12-153,530,-12.349008280931859,-12.395803909916992
AP890410-0259,152,-9.21378576858665,-9.03159142129835
AP881013-0147,193,-9.784344579855386,-9.074205270301068
AP890902-0140,130,-8.62362040616691,-7.377254077689573
AP890902-0140,145,-9.136577322326684,-8.541943026738103
AP880930-0069,138,-8.792467065920428,-7.774297495036561
AP890629-0038,142,-9.5192125639242,-8.421880309989405
AP890629-0038,143,-7.90938820384466,-7.659953711049781
AP880802-0131,151,-10.964744484825104,-10.506221511623064
AP880321-0151,146,-8.324399214013212,-7.915112111287359
FBIS3-22836,376,-7.130888721156005,-6.9461600067153135
FBIS3-22836,389,-8.222439005695746,-8.399939170580538
AP890412-0121,133,-10.49481286460045,-7.886489735728974
AP890228-0135,151,-12.154144233703633,-11.79857903970984
AP890228-0135,156,-7.81442440161216,-7.973549522575327
LA100690-0107,350,-7.027711383463716,-7.271173376110595
FT923-8257,321,-10.00456144600842,-10.149615108720113
FT923-8257,356,-12.684826553280239,-12.621978252472118
AP880725-0117,121,-6.347194447134582,-6.090968533401069
AP880725-0117,122,-9.084210320819246,-8.979775073577486
AP880725-0117,123,-7.539446335624085,-7.635006984650179
AP880725-0117,124,-9.8976086621812,-8.753587967942739
AP880725-0117,135,-9.295751899481127,-9.07983222890966
AP880725-0117,160,-10.961515099975635,-9.971624381432337
AP880725-0117,198,-10.537744399997457,-9.64218218736329
LA050290-0059,333,-9.317537605496629,-8.040035934941667
LA050290-0059,370,-7.522100918235199,-7.3299144193930825
LA050290-0059,427,-11.17177370808286,-9.850306441155439
FBIS3-33282,354,-8.91307352897802,-9.046940017502646
FBIS3-33282,446,-8.998278918380093,-9.227433653817613
GX239-77-15534054,725,-7.0576562215888625,-7.222392448088107
AP880727-0195,135,-10.05854698618383,-9.710219969364154
AP880727-0195,198,-10.905514369122265,-10.073213330285988
WTX095-B42-140,477,-9.64963040017598,-8.997208773761264
AP880321-0121,127,-9.267196314186034,-8.0514504906789
FT942-768,352,-10.841897076792467,-10.885102631262017
FT942-768,395,-7.1625010389749,-6.89459193304039
FT942-768,438,-7.182167612588202,-7.106919444804129
GX162-40-16201712,716,-11.75716769451054,-11.775488527829559
AP890712-0128,189,-9.480832111686437,-9.330068458569517
AP890713-0202,140,-10.247967103711723,-9.65628330952762
AP890713-0202,155,-9.40369899095455,-9.10909381018629
AP880706-0326,183,-7.482438471129263,-7.074532712201266
AP890722-0115,155,-8.368604743068977,-8.599030413794582
FR940111-2-00031,366,-8.304521162949344,-8.32944190073106
WTX100-B38-46,474,-10.93556399659872,-11.679403582215663
GX005-53-8274005,728,-6.525282408435963,-6.451818190532069
LA061390-0077,382,-10.584378630099264,-10.518323408276599
LA061390-0077,407,-11.534821581373166,-11.61832599192355
LA061390-0077,641,-7.803235584368825,-7.682011557295448
LA061390-0077,670,-8.464709313637385,-8.111831743299991
FT931-11616,318,-8.660733848061385,-8.51580100901415
FT931-11616,445,-7.79698842692094,-7.590514916751621
FT931-11616,621,-9.314376974012866,-7.647608166901578
AP890509-0192,105,-7.743412678349407,-7.784004262597298
AP890509-0192,195,-9.773782826514388,-9.072391657335867
AP890426-0210,154,-6.36058513979024,-6.380674223845384
AP890426-0210,192,-5.94203121856652,-6.139132646625456
AP880321-0288,169,-10.02063972499769,-10.465433541383547
LA111190-0027,362,-8.485557807565195,-8.228350323734512
AP890626-0240,160,-9.715465904589044,-9.534599015979914
AP890626-0240,181,-9.996539583874597,-9.380008302159336
FBIS3-48894,357,-9.535371446058532,-7.844989670794731
FBIS3-48894,376,-7.389777950705057,-7.259179118500098
FBIS3-48894,632,-9.214985554390424,-9.137138545856654
WTX007-B23-168,537,-8.745974128733543,-8.873497786253806
FR940505-1-00242,447,-9.6383156554371,-9.536656669925424
AP890202-0029,190,-8.434180004930978,-8.262280324227444
AP880226-0015,200,-7.690637051375918,-8.24914516080525
FBIS3-60778,343,-8.304986815988318,-7.781437629392013
FBIS4-63852,627,-8.49095042438299,-7.702330998751386
AP890127-0050,152,-10.327204934760982,-10.452946190271076
AP891130-0175,189,-9.377208461423994,-9.583418046255796
AP890107-0063,151,-11.988110096383046,-10.243629779641873
FT943-8528,688,-8.316695581105343,-8.169943736050405
FBIS3-7689,389,-8.546107354072179,-8.799570677690998
AP890407-0256,167,-10.160406128338481,-9.735660604815084
AP890407-0256,187,-9.548670067651592,-9.554838743232912
AP891208-0225,169,-10.146622762782904,-10.450502300126402
AP880825-0156,118,-7.509891871962879,-7.646548739685603
AP880825-0156,119,-8.19746442387036,-8.24509153380682
AP880825-0156,120,-8.072275375454069,-8.324488553526606
AP880702-0133,144,-8.030299454304737,-8.218010268661246
FR940525-1-00060,370,-8.071848448108433,-7.309571177405379
FR940525-1-00060,403,-14.239106153619518,-10.266325518967504
FR940525-1-00060,442,-11.138164292797034,-11.08964447825112
LA060590-0046,638,-12.87914915854022,-12.624909582739594
FT923-6521,338,-11.398576405105935,-11.615674657209748
FT923-6521,398,-10.321388869199197,-10.097326827105684
AP890123-0224,144,-7.0186219752195385,-6.916496830289521
AP890608-0152,161,-7.328788047583409,-7.81283950004739
WTX103-B08-129,495,-9.273068087876862,-9.018058278030207
WTX055-B20-171,511,-9.473673419308739,-8.616863886801418
AP880629-0144,125,-8.633499476261077,-8.631394007362282
AP880629-0144,197,-10.225539528962118,-10.099354190414443
AP880629-0144,199,-12.756706043694274,-11.34647175155581
LA071190-0129,313,-12.634921214197227,-10.651545583105559
AP880908-0188,161,-6.818987489308899,-6.807084761304076
AP890803-0059,132,-7.612323119585509,-8.218997670710971
LA122289-0076,440,-9.322539183467407,-9.120001858575336
WTX005-B32-89,502,-10.157350486218576,-9.118862716229179
WTX005-B32-89,549,-8.081912749185028,-7.468758197596192
WTX075-B17-172,503,-9.702321314926813,-9.839397333600528
LA051289-0178,398,-8.704521952373705,-8.735851456244035
WTX089-B35-206,515,-9.754434750769652,-9.688776324396562
AP880325-0237,165,-7.839911322421499,-8.137298820670452
WTX038-B09-325,484,-12.325013292825401,-11.229426893932512
AP880513-0101,101,-7.772504962170529,-7.694151902652841
AP880513-0101,102,-9.039554877898437,-8.869190512960282
AP880513-0101,113,-7.248859166286585,-6.996762268495798
AP880513-0101,114,-8.955631320603194,-8.190144969807921
LA011489-0121,695,-8.550449419227794,-8.441298237468382
FT944-11346,693,-7.744881938957596,-7.295403790635726
WTX069-B10-201,495,-8.054508637332805,-8.697616270602598
AP880528-0031,144,-7.984086611149605,-8.021346717486768
AP891009-0097,124,-10.179576752463134,-9.135459070742089
AP891009-0097,198,-11.004371995910438,-10.502154287207704
AP890512-0173,101,-7.548971629540476,-6.999641594664005
FT942-6494,687,-7.6508057627685435,-7.166623467485473
AP890703-0137,157,-9.324771659768073,-9.563850869963382
AP880917-0104,148,-9.480126346616634,-9.06146282211784
AP880721-0095,125,-7.298981322739294,-7.244791932215264
AP880721-0095,172,-9.919697389449398,-8.985802669421668
AP880721-0095,173,-8.590622234009274,-6.520396777754632
WTX099-B24-354,503,-8.915480983494676,-8.784984297616695
FBIS3-39240,362,-9.40475133274814,-8.6249953636394
FBIS3-39240,401,-8.269345983959312,-8.188110060425013
FBIS3-40185,414,-8.50428430292157,-8.006088813423712
AP890424-0284,195,-10.008235532023013,-9.294347971211998
FT941-10100,450,-6.431628715897155,-6.3240990788141085
GX011-80-1074652,714,-7.4474879196595785,-7.396605365127295
WTX101-B11-76,480,-7.306805446552482,-6.952543120619759
AP890308-0220,158,-8.057765761445303,-7.8207105650558155
WTX016-B14-3,500,-6.2617964800817845,-6.476339544368683
GX010-11-11242343,804,-7.889829206836708,-6.83060278434755
WTX026-B08-107,507,-9.9354469989592,-10.704604366195433
WTX018-B20-194,537,-8.611038920825953,-9.142784826168002
AP880920-0044,166,-8.023850882988551,-8.446769284280725
AP880920-0044,186,-8.595744491912711,-8.19764134444622
AP880920-0044,191,-9.953849162867776,-9.48302415668254
WTX089-B35-206,515,-9.754434750769652,-9.688776324396562
AP890405-0035,153,-7.896961170294841,-7.013885300200254
WTX081-B24-154,495,-7.365564022005735,-8.218411132176904
AP881118-0110,130,-8.631985311084561,-7.706952229045795
AP881118-0110,140,-10.243680508048104,-10.00141232883092
AP890512-0173,101,-7.548971629540476,-6.999641594664005
AP890727-0011,167,-10.112154629785804,-9.791802961134358
WTX012-B01-13,518,-8.709943628703934,-8.403442383482119
FBIS4-53910,331,-6.395243670107726,-6.459244003559198
LA031490-0077,436,-10.654001690275603,-8.123599178080948
WTX075-B46-114,524,-10.21867270597981,-10.081245971828373
LA040789-0040,314,-10.307716598592778,-9.452548220194021
LA040789-0040,641,-8.369511819637976,-7.9903578787282505
FT922-3424,395,-7.310393173138924,-6.951083355903862
FT922-3424,617,-7.072372834448207,-6.892275421806793
AP890414-0086,152,-10.150932966976814,-10.153395120604161
GX004-85-15927668,736,-11.203302782261131,-9.065700807596485
LA122889-0074,331,-8.312997043974367,-8.087023459136987
LA122889-0074,425,-9.900527455982072,-7.1338381492293665
AP880809-0056,163,-9.689013755770134,-9.777673777711703
AP880809-0056,167,-9.827216254826276,-9.844752101496569
AP881123-0283,162,-9.345188979125776,-8.512462675355657
AP891215-0107,152,-10.019060308159956,-9.786556116180646
GX255-80-12989449,734,-10.279900386354374,-9.858865130484592
WTX005-B32-89,502,-10.157350486218576,-9.118862716229179
WTX005-B32-89,549,-8.081912749185028,-7.468758197596192
AP880930-0069,138,-8.792467065920428,-7.774297495036561
AP880225-0196,189,-9.930581679960948,-9.726403717495202
AP890308-0225,155,-9.84952644449921,-9.823463086795066
AP881119-0060,144,-8.072844920349535,-8.301372706984525
AP880827-0141,183,-10.628751688507675,-10.969166964998859
GX012-07-7065390,748,-6.378733864923467,-6.498974658013335
WTX042-B24-60,549,-8.379249203779125,-7.448708060703259
WTX082-B28-250,544,-7.927525576853416,-7.946021086856968
FT924-2507,687,-7.428605846498933,-6.975348952920068
WTX005-B27-138,549,-7.928301557488345,-7.660285529426293
AP890202-0234,176,-8.43826662181235,-8.643622533866164
WTX094-B13-165,547,-13.938838152581768,-11.968969068872621
LA081190-0094,329,-7.207046515336077,-6.800330437707117
AP891104-0005,146,-8.339870438852698,-7.91310202540168
WTX033-B18-207,530,-9.965968749398737,-10.497113153462644
AP881206-0121,137,-9.17827422155817,-8.048939146368259
AP880421-0310,195,-9.92090774559094,-9.311524362788623
FBIS3-22688,428,-8.346340374353996,-7.616915745225111
FBIS3-22688,434,-7.073566382857928,-7.514850624106263
FBIS3-22688,435,-8.837052652278796,-9.039508619303994
FBIS3-22688,445,-9.129178749518307,-8.853245707817377
FBIS3-22688,658,-10.330458756437167,-7.414782220626561
FBIS3-22688,667,-9.307477905646627,-9.04726743169999
FBIS3-22688,688,-9.025622395061605,-8.751623191216844
FBIS3-22688,689,-9.01433859309041,-7.884694467474216
AP880220-0009,181,-10.211509430773896,-10.195548022117338
FT931-4409,389,-9.34989960937746,-9.365036970852898
WTX026-B17-307,490,-9.841424623388237,-9.277180244849635
FT924-4583,400,-8.520773281941745,-8.361469361145936
FT924-4768,357,-10.16994407573984,-9.880953206711613
FT924-4768,659,-8.324707672714888,-8.481079693366539
FT924-4768,696,-9.244412831589306,-9.371187232501345
AP881027-0126,153,-8.031437571495367,-6.953353864912009
WTX091-B03-478,493,-12.225277772841775,-11.803740533777301
WTX027-B07-9,525,-7.263785012601958,-7.359803953930667
AP890925-0191,188,-10.732386259691346,-10.032756838951691
FBIS4-17908,426,-9.53379334626433,-9.634588548644524
GX244-07-12005999,788,-6.766389056898499,-6.367418357171145
AP890107-0088,146,-8.48658063718543,-7.998537407091415
WTX091-B18-4,493,-12.21689427194544,-11.828342603530901
GX056-58-7243426,839,-8.116889405693634,-7.906157414114127
AP881129-0210,145,-9.057680670857412,-8.794475060373992
AP881129-0210,155,-9.496330636080035,-9.034879158503395
LA012490-0048,326,-14.24053366623556,-13.891703908384933
FT921-8098,378,-8.572986638362536,-8.846881595969476
FR940318-0-00101,338,-11.20295411474245,-11.291949496167078
GX002-31-7845435,744,-10.041481969708904,-10.093616770238906
AP891130-0220,187,-9.796024310264695,-9.372841331395795
FT942-768,352,-10.841897076792467,-10.885102631262017
FT942-768,395,-7.1625010389749,-6.89459193304039
FT942-768,438,-7.182167612588202,-7.106919444804129
FR941122-0-00087,407,-11.456555208320541,-10.46426793722346
FR941122-0-00087,426,-8.333764571028846,-8.374448212373556
FR941122-0-00087,428,-9.9801916264663,-9.419856175921602
FR941122-0-00087,435,-8.582210592806794,-8.85684211001599
FR941122-0-00087,606,-11.274654139964841,-10.66929932315222
FR941122-0-00087,644,-9.3313108390714,-9.225428716148441
WTX091-B19-93,477,-9.211291741805729,-9.93120258581336
WTX091-B19-93,517,-7.953604249793984,-8.003264828446724
GX019-34-11505888,716,-9.923783068493414,-9.218662605279052
LA112090-0041,671,-7.946397954748245,-8.060557151309741
AP891223-0097,189,-9.183379156993652,-8.941542332813679
AP890430-0036,108,-9.464319108828176,-8.40843801694065
AP890430-0036,141,-7.584125128228267,-7.385111499691128
LA052189-0013,393,-11.22620102029335,-10.794033663018997
LA052189-0013,635,-11.946788806783372,-11.572153165163709
LA052189-0013,636,-9.460950431110092,-9.481723736592325
LA052189-0013,689,-8.770613201445718,-8.441083106078548
AP880428-0135,148,-10.024576404540522,-9.051039950687791
AP880428-0135,182,-9.846899545426933,-9.752685956303187
AP891219-0099,103,-7.715862752734573,-6.922987404176723
AP891219-0099,185,-7.880431304838361,-7.15815138406051
FBIS4-51781,661,-10.570929810917054,-10.464837214419871
AP890404-0141,137,-9.065473163125073,-8.764690921370446
AP890404-0141,154,-8.842246165110257,-6.845134001051475
AP890404-0141,192,-7.629062643316328,-7.002195601571474
AP880321-0288,169,-10.02063972499769,-10.465433541383547
FT922-13711,407,-12.40798357638911,-12.372776074342829
WTX003-B06-129,550,-10.016269120276746,-7.409629964634478
AP891124-0188,142,-9.146162069654011,-8.279347645467569
AP891124-0188,143,-8.694352321579512,-8.591699459269611
AP880312-0006,142,-9.498697470206322,-8.315896990960209
AP880312-0006,143,-8.690452511627242,-8.01320065116613
FT942-7776,445,-10.850079156081538,-10.308413910273845
AP891208-0058,126,-8.76029134079244,-8.500030496157295
FT941-5245,344,-13.349804766712765,-12.412362582527088
WTX018-B45-20,493,-12.427959314360674,-12.046728953081663
FBIS3-54525,669,-6.779577879879625,-6.13765174131939
AP890505-0258,187,-9.66253822493692,-9.360039771613678
AP891211-0031,144,-7.52061410596224,-7.726942984545642
AP890626-0132,154,-6.988579698092945,-6.683950112747911
GX263-35-6742201,723,-10.21350002763625,-9.839911603485396
AP890211-0142,121,-7.447152522006773,-7.841555945557028
FBIS4-14446,396,-9.181736411241658,-9.057275254231087
LA082989-0016,338,-11.382459285666933,-11.45589777794509
LA082989-0016,436,-10.885070493705026,-9.215735930887472
AP890525-0147,154,-6.826025901677427,-6.478557338702819
AP890525-0147,174,-8.426551364130914,-7.6854651270335745
AP890525-0147,192,-6.725047590831144,-6.371873574940931
FBIS3-60778,343,-8.304986815988318,-7.781437629392013
FT943-12288,352,-10.825716102870258,-10.922390839509188
FT943-12288,375,-9.634247892796502,-8.485246552795617
FT943-12288,681,-7.734966014579081,-6.84474980812315
GX248-61-4740968,767,-7.034392119164397,-7.171700880761197
AP880706-0299,157,-11.714654285538504,-11.228273926830136
LA061390-0077,382,-10.584378630099264,-10.518323408276599
LA061390-0077,407,-11.534821581373166,-11.61832599192355
LA061390-0077,641,-7.803235584368825,-7.682011557295448
LA061390-0077,670,-8.464709313637385,-8.111831743299991
WTX004-B09-278,530,-9.605817838183626,-9.744022968844886
AP891130-0014,101,-8.285048890718421,-8.274671922486348
WTX077-B26-141,547,-11.178659541911653,-11.06901923828095
AP880325-0087,176,-8.388948961916586,-8.48264847278199
FBIS4-10906,354,-10.607811050514945,-9.788511021579346
LA080489-0057,699,-8.156760590914166,-7.852708595527389
GX028-51-7031655,756,-6.883280377743702,-6.364172401239782
AP890128-0016,150,-8.543491504087477,-8.202111283668884
WTX069-B10-201,495,-8.054508637332805,-8.697616270602598
AP891023-0111,193,-9.95007860976461,-10.024779142865377
FT921-12562,309,-8.85771743832153,-9.112479212168667
FT921-12562,411,-14.047457851474606,-13.535238019529391
AP881026-0117,193,-9.066441886411319,-9.407605326131833
FT944-4092,340,-9.775038884361933,-9.27989800983747
FT944-4092,353,-12.313493104972125,-9.884805036429194
FT944-4092,355,-11.474431664601909,-10.382195282241026
FT944-4092,357,-10.426693300006702,-8.459756013444395
FT944-4092,399,-12.613108696208549,-11.725558903689457
LA111789-0141,633,-12.392114196912209,-12.442220079259949
AP880627-0153,142,-8.887246868714234,-8.007712298885767
FT923-437,314,-10.355159734439317,-10.200772763802878
FT923-437,333,-11.09598317293041,-8.670372894823181
FT923-437,381,-7.706607705224927,-7.579981695061667
FT923-437,390,-10.482595861911978,-8.475254196414955
FT923-437,449,-14.009265784801084,-12.03496926595838
LA052190-0103,694,-13.01850470629486,-13.147841155863528
AP881116-0010,159,-9.092895753937885,-9.098924666610127
LA060590-0046,638,-12.87914915854022,-12.624909582739594
AP880916-0032,142,-9.103668866513665,-8.197384052294483
AP880916-0032,179,-9.431665160102437,-8.885281633169114
LA042090-0123,315,-10.571209301260392,-9.816486828800805
LA042090-0123,358,-9.200864595264271,-9.39328788166791
LA042090-0123,634,-10.249153185780008,-10.4055267579926
AP881204-0007,119,-8.684897049882041,-8.543335629087725
WTX075-B46-126,537,-8.911922495716816,-7.324785650333537
AP890719-0025,123,-10.279182113239836,-9.10305309572184
AP890719-0025,163,-6.7227926289522095,-6.348605404569903
AP880421-0166,188,-10.444890493714254,-10.527229620431797
AP880530-0182,194,-8.78921464593187,-8.914205682741123
FT933-7879,331,-6.21635703782348,-6.101306816836921
FR940505-1-00242,447,-9.6383156554371,-9.536656669925424
AP890728-0157,114,-8.257596939968568,-7.343984450622852
AP890419-0139,188,-12.538784370746075,-12.967446816579553
AP890127-0050,152,-10.327204934760982,-10.452946190271076
FT942-4421,307,-7.237996756358996,-7.238636796033592
FT942-4421,331,-7.342562992422754,-7.2205876519807
FT942-4421,647,-10.712862056923578,-10.364574779615292
AP880608-0215,164,-9.06329009269189,-8.715298911691912
GX182-30-10232398,717,-10.330633622894505,-10.164226150866895
AP890202-0227,159,-7.918066596892277,-7.732760988008311
FT944-18682,352,-10.48779697778234,-10.623757099389225
FR940817-2-00019,439,-11.629298515796124,-9.96150786100825
AP890422-0040,154,-9.237732729151329,-6.717649255919732
AP890422-0040,192,-6.582107905816633,-6.179282789146104
AP890406-0119,142,-9.423121063648598,-9.330203356440936
FT934-3952,352,-10.892480899706484,-9.543092618209519
FT934-3952,363,-8.884020900487604,-8.882286723095019
FT934-3952,436,-10.738757402982692,-9.123552229710235
GX007-93-12310235,726,-7.4746830515432805,-7.570923758322889
FT934-3952,352,-10.892480899706484,-9.543092618209519
FT934-3952,363,-8.884020900487604,-8.882286723095019
FT934-3952,436,-10.738757402982692,-9.123552229710235
GX007-93-12310235,726,-7.4746830515432805,-7.570923758322889
FT934-3952,352,-10.892480899706484,-9.543092618209519
FT934-3952,363,-8.884020900487604,-8.882286723095019
FT934-3952,436,-10.738757402982692,-9.123552229710235
GX007-93-12310235,726,-7.4746830515432805,-7.570923758322889
AP880623-0294,174,-7.1926858679799395,-6.956456169501756
FT934-3952,352,-10.892480899706484,-9.543092618209519
FT934-3952,363,-8.884020900487604,-8.882286723095019
FT934-3952,436,-10.738757402982692,-9.123552229710235
GX007-93-12310235,726,-7.4746830515432805,-7.570923758322889
AP880623-0294,174,-7.1926858679799395,-6.956456169501756
WTX018-B20-194,537,-8.611038920825953,-9.142784826168002
WTX026-B08-107,507,-9.9354469989592,-10.704604366195433
GX010-11-11242343,804,-7.889829206836708,-6.83060278434755
WTX016-B14-3,500,-6.2617964800817845,-6.476339544368683
AP890308-0220,158,-8.057765761445303,-7.8207105650558155
WTX101-B11-76,480,-7.306805446552482,-6.952543120619759
GX011-80-1074652,714,-7.4474879196595785,-7.396605365127295
FT941-10100,450,-6.431628715897155,-6.3240990788141085
AP890424-0284,195,-10.008235532023013,-9.294347971211998
FBIS3-40185,414,-8.50428430292157,-8.006088813423712
FBIS3-39240,362,-9.40475133274814,-8.6249953636394
FBIS3-39240,401,-8.269345983959312,-8.188110060425013
WTX099-B24-354,503,-8.915480983494676,-8.784984297616695
AP880721-0095,125,-7.298981322739294,-7.244791932215264
AP880721-0095,172,-9.919697389449398,-8.985802669421668
AP880721-0095,173,-8.590622234009274,-6.520396777754632
AP880917-0104,148,-9.480126346616634,-9.06146282211784
FR940318-0-00101,338,-11.20295411474245,-11.291949496167078
AP880823-0204,162,-11.204383776293906,-9.321988814758555
GX025-50-13449872,751,-12.662744264033321,-11.500948006457785
WTX033-B27-117,530,-12.201148456798443,-12.229654059029372
WTX098-B02-3,493,-12.166217262917508,-11.718366700876851
WTX098-B38-283,462,-7.651587868751802,-7.681009464700605
FT923-12937,321,-10.101638722932766,-10.230937019894245
FT923-12937,351,-9.458594461939319,-8.375140260053424
FT923-12937,357,-9.593153184733223,-8.533786168171533
LA111789-0141,633,-12.392114196912209,-12.442220079259949
LA010590-0075,396,-9.89717688630434,-9.638292137601454
AP890523-0136,166,-11.110385922932371,-9.45307870438816
LA101789-0057,674,-12.314971685881257,-11.196802293535649
AP890729-0052,154,-9.000306976855725,-7.384932935220822
AP890729-0052,192,-7.286121181960496,-6.7884003755517295
AP880914-0112,155,-8.609643549805241,-8.611730145571912
FR940511-0-00062,407,-12.243479862911949,-12.045340217240307
AP880502-0077,130,-8.818976002457793,-7.616079641998935
AP880502-0077,145,-9.034683786014048,-8.927336157461298
FBIS3-48894,357,-9.535371446058532,-7.844989670794731
FBIS3-48894,376,-7.389777950705057,-7.259179118500098
FBIS3-48894,632,-9.214985554390424,-9.137138545856654
AP890518-0144,140,-9.652759672450136,-9.48175282480157
AP891127-0132,148,-10.12834111454794,-9.265436142642667
FT921-8098,378,-8.572986638362536,-8.846881595969476
GX043-24-11458081,741,-6.818253423511199,-6.45660245226856
AP890927-0033,119,-8.51036940920996,-8.457135157195562
AP891108-0155,179,-8.96794822042498,-8.67373606359656
WTX020-B20-176,509,-7.7619426924828545,-8.381897102089384
LA112789-0106,434,-7.581856277794966,-7.614241808726799
FBIS4-51839,379,-16.463294103686668,-16.210114731256887
FBIS4-51839,428,-7.969301477727297,-7.444123037245097
FBIS4-51839,655,-10.285917174352292,-10.398203547775974
FBIS4-51839,658,-12.550631507509333,-11.676599272121956
FBIS4-51839,678,-9.481679735282839,-9.712796855245394
AP891120-0176,139,-7.6533506199020485,-7.203498782272919
WTX018-B20-194,537,-8.611038920825953,-9.142784826168002
WTX026-B08-107,507,-9.9354469989592,-10.704604366195433
GX010-11-11242343,804,-7.889829206836708,-6.83060278434755
WTX016-B14-3,500,-6.2617964800817845,-6.476339544368683
AP890308-0220,158,-8.057765761445303,-7.8207105650558155
WTX101-B11-76,480,-7.306805446552482,-6.952543120619759
GX011-80-1074652,714,-7.4474879196595785,-7.396605365127295
FT941-10100,450,-6.431628715897155,-6.3240990788141085
AP890424-0284,195,-10.008235532023013,-9.294347971211998
FBIS3-40185,414,-8.50428430292157,-8.006088813423712
FBIS3-39240,362,-9.40475133274814,-8.6249953636394
FBIS3-39240,401,-8.269345983959312,-8.188110060425013
WTX099-B24-354,503,-8.915480983494676,-8.784984297616695
AP880721-0095,125,-7.298981322739294,-7.244791932215264
AP880721-0095,172,-9.919697389449398,-8.985802669421668
AP880721-0095,173,-8.590622234009274,-6.520396777754632
AP880917-0104,148,-9.480126346616634,-9.06146282211784
FR940318-0-00101,338,-11.20295411474245,-11.291949496167078
GX047-87-9197196,820,-9.072426003307319,-6.8944355007933575
AP881001-0081,150,-7.615743814808187,-7.817370314642664
LA111690-0002,398,-8.7984743279557,-8.533165034096115
AP880823-0204,162,-11.204383776293906,-9.321988814758555
AP881111-0167,163,-6.216260033082349,-6.145927809534742
FBIS4-33117,332,-6.987059841684004,-7.389034545565554
FBIS4-33117,650,-8.560131001876467,-8.949408033977821
AP881121-0106,199,-12.633982228860983,-12.597477690365356
AP891130-0175,189,-9.377208461423994,-9.583418046255796
AP890128-0016,150,-8.543491504087477,-8.202111283668884
AP880823-0008,116,-11.344702385902817,-11.23682139150469
LA060790-0008,700,-7.915112926341285,-7.723053560374081
AP880320-0047,126,-8.011346946850077,-8.191073328178009
AP880622-0299,197,-10.49389292960164,-10.16164702028815
GX099-91-1066558,843,-7.950123049018682,-8.291782578367428
LA111489-0003,664,-6.585272534304282,-5.910966904657112
FBIS4-39383,357,-9.582860281084402,-8.762712337485684
GX051-11-11608435,757,-6.870874170439073,-7.045991246525354
WTX091-B03-478,493,-12.225277772841775,-11.803740533777301
AP880802-0073,178,-11.58047674626025,-11.760629947190402
AP880414-0285,195,-10.119917209685937,-9.124379566629969
AP880718-0115,147,-9.017734223036129,-8.308763232984811
FR941122-0-00087,407,-11.456555208320541,-10.46426793722346
FR941122-0-00087,426,-8.333764571028846,-8.374448212373556
FR941122-0-00087,428,-9.9801916264663,-9.419856175921602
FR941122-0-00087,435,-8.582210592806794,-8.85684211001599
FR941122-0-00087,606,-11.274654139964841,-10.66929932315222
FR941122-0-00087,644,-9.3313108390714,-9.225428716148441
FBIS3-60253,400,-9.89486975895343,-8.139741969622161
FBIS3-60253,408,-9.132124259188519,-9.104798587767
FT922-13711,407,-12.40798357638911,-12.372776074342829
WTX015-B32-32,495,-9.42449796234211,-9.166909506250164
WTX082-B47-85,517,-10.834211538406624,-10.55406813087992
AP880420-0181,127,-8.98658029977334,-7.813565622764508
FT944-5248,326,-12.130694502971071,-11.932964354719475
FT944-5248,363,-9.414259061693558,-9.420009071444978
FT944-5248,367,-12.863047667148656,-10.645946806348599
FT944-5248,448,-9.508943196924344,-8.222772802046167
FT944-5248,659,-7.346231076930393,-7.607808592075328
WTX077-B26-141,547,-11.178659541911653,-11.06901923828095
FBIS3-19056,398,-9.632095953730392,-9.285449163011734
LA102589-0109,392,-13.494348456880852,-13.210723519203617
LA102589-0109,431,-8.19203181897269,-8.418785374474059
FT931-4409,389,-9.34989960937746,-9.365036970852898
GX248-12-6205349,789,-4.966391766016102,-5.230750457410519
AP880711-0175,172,-10.569167685585372,-9.670579560004011
AP880711-0175,191,-10.544339405797242,-9.603579833171482
AP891212-0051,184,-8.636504220898082,-9.037250849729546
FBIS3-58832,401,-8.104907524265903,-8.40204369929886
FT924-1255,348,-17.47824913870441,-16.713835397220045
FT924-1255,379,-16.561958406830254,-16.227368599209708
FT924-1255,386,-8.327687101245612,-8.326074862453803
FT924-1255,390,-11.809468470432524,-11.484819672777103
FT924-1255,658,-7.675123290337897,-8.164263740431101
FT924-1255,665,-9.74975980852997,-8.121069723439497
FT924-1255,668,-7.936430160097665,-7.381260916878505
AP890629-0030,106,-8.840967694281652,-8.356768072534965
AP880313-0097,187,-9.367938859076515,-9.32676464325126
FBIS4-63852,627,-8.49095042438299,-7.702330998751386
FT924-979,308,-13.652223305321971,-13.577812644819629
FT924-979,349,-13.71166994980418,-9.181821161269214
FT924-979,356,-11.145417284095839,-8.8900319262826
FT924-979,403,-7.230974823299265,-6.703847400221686
FT924-979,609,-8.713258184567128,-8.768216512125322
FBIS4-53596,373,-10.240466823391325,-10.206244026180647
AP880324-0305,172,-10.003249716108773,-9.945312443953208
AP880324-0305,173,-8.323827857631164,-7.156114224752791
AP880723-0185,169,-9.238927982323476,-9.35875508842794
AP890802-0190,189,-9.489594134317986,-9.313967784975848
LA031789-0039,360,-10.386674327774005,-10.680350383461032
LA031789-0039,439,-11.80544201306315,-11.737829528920452
LA031789-0039,685,-9.399249416161075,-9.075971337125072
FT922-3424,395,-7.310393173138924,-6.951083355903862
FT922-3424,617,-7.072372834448207,-6.892275421806793
FT924-2507,687,-7.428605846498933,-6.975348952920068
AP890403-0101,147,-10.52077702362637,-10.706185440444237
AP890403-0101,153,-8.468047466841096,-8.009442150742817
AP890403-0101,181,-10.447002019772038,-10.067959750766438
AP890403-0101,193,-10.076968688596475,-10.034219967756126
AP880325-0087,176,-8.388948961916586,-8.48264847278199
AP880811-0157,156,-8.915269649997844,-8.535204480942992
AP881206-0088,189,-7.682984310283179,-7.998654739979725
AP880220-0125,114,-8.932879750799357,-7.686775266129855
FBIS3-10018,417,-12.091457228600337,-12.114234178959345
AP890719-0025,123,-10.279182113239836,-9.10305309572184
AP890719-0025,163,-6.7227926289522095,-6.348605404569903
AP880321-0121,127,-9.267196314186034,-8.0514504906789
AP880531-0026,127,-8.502311312818359,-8.029528280649398
GX248-61-4740968,767,-7.034392119164397,-7.171700880761197
GX000-41-7085133,712,-8.82762912959442,-8.686521411326144
LA031990-0016,700,-7.700747938043399,-7.645971272566677
AP891229-0186,147,-9.63240055571706,-8.859954787852992
AP880310-0226,189,-9.421062730305769,-9.34251650584385
WTX008-B25-3,519,-8.508246921836907,-9.161922368818214
GX238-51-14158726,712,-5.839457174430935,-5.902280369328033
FBIS3-23959,636,-10.484877337486228,-10.579568638950807
LA120790-0178,371,-10.546921022051741,-10.383064409483824
LA120790-0178,381,-10.019728098738224,-9.869470422624904
GX043-24-11458081,741,-6.818253423511199,-6.45660245226856
FR940406-2-00174,625,-12.89451401009504,-12.674442376326553
FR940406-2-00174,651,-8.07451618775594,-7.960674218855928
AP890626-0240,160,-9.715465904589044,-9.534599015979914
AP890626-0240,181,-9.996539583874597,-9.380008302159336
AP891104-0005,146,-8.339870438852698,-7.91310202540168
WTX029-B30-527,499,-11.29342435669596,-11.15234667544562
GX010-22-12488512,756,-7.255797295544662,-6.358075670220492
WTX004-B02-400,513,-6.769342888932787,-6.203780266716131
AP880803-0103,110,-7.8642979544054645,-7.591813482613134
AP890104-0157,119,-9.053664773998383,-8.705555266331215
AP890311-0159,167,-10.320278694311975,-10.011653401703954
AP890311-0159,187,-9.85633172351384,-9.508154262786455
AP880326-0137,194,-9.278870703376285,-9.339012347309609
WTX020-B26-197,459,-9.867485714943756,-10.081075335101124
AP880827-0141,183,-10.628751688507675,-10.969166964998859
AP891212-0076,113,-6.761791240072338,-6.470097541157251
AP891212-0076,114,-8.83433281152856,-7.523164475668365
FBIS3-2746,337,-10.418186417549652,-10.505303376476068
WTX014-B31-489,550,-10.025902146104578,-7.756068050749807
GX013-29-16065442,749,-5.973993043923413,-5.626994813989394
AP881104-0104,111,-6.6510896330905975,-6.1625065677110475
AP890202-0004,110,-8.071714128657582,-7.652085797820956
LA081789-0025,409,-9.392435762302696,-9.632264520816717
LA040690-0016,379,-16.52047245114766,-16.112373475770223
LA040690-0016,445,-9.394170760085139,-9.096985126399883
LA040690-0016,658,-10.207231027158326,-9.003648366796797
AP890414-0017,154,-6.513443707232971,-6.684550123190983
AP881027-0186,144,-6.736279349875419,-6.6631907271739825
WTX046-B34-91,471,-7.818863048740964,-7.058593417913866
LA102289-0049,367,-12.929997162640172,-12.949449544183965
LA102289-0049,400,-7.533417020762552,-7.835114843200305
AP880601-0222,130,-10.017358198790367,-8.809667988059806
FT941-11412,439,-11.622556917229204,-11.52026789285889
FT941-11412,661,-10.780953160240347,-10.723407632425843
FT941-15258,376,-6.763846494115143,-6.517900457327649
FT943-15585,331,-7.504193753478745,-7.33181765911091
AP880610-0043,118,-9.224960598713947,-8.620075563369623
AP880610-0043,119,-9.341092238483313,-8.810888071779697
AP880413-0234,199,-12.620910147293628,-11.949537877119539
AP880713-0031,103,-7.85523018774881,-8.321753227192461
AP880713-0031,156,-8.571563709149805,-8.718088507747922
AP880713-0031,185,-7.9557727236441265,-8.1986042856109
AP880713-0031,199,-12.707714058477325,-12.530044258465047
GX039-61-13743625,756,-6.889195367262904,-6.626030501873451
FT933-219,608,-8.860370051401208,-8.545389960193319
FR940505-1-00242,447,-9.6383156554371,-9.536656669925424
WTX045-B28-110,476,-6.9003989470734375,-7.067586826293546
AP880411-0049,189,-9.436172907902218,-9.402324365730488
LA041989-0063,430,-10.73292655662441,-10.422478596245725
AP880223-0026,150,-7.821730960054933,-7.521469982557917
AP890704-0109,110,-7.936648800680251,-7.438706581167963
FR940525-1-00060,370,-8.071848448108433,-7.309571177405379
FR940525-1-00060,403,-14.239106153619518,-10.266325518967504
FR940525-1-00060,442,-11.138164292797034,-11.08964447825112
FT923-437,314,-10.355159734439317,-10.200772763802878
FT923-437,333,-11.09598317293041,-8.670372894823181
FT923-437,381,-7.706607705224927,-7.579981695061667
FT923-437,390,-10.482595861911978,-8.475254196414955
FT923-437,449,-14.009265784801084,-12.03496926595838
FT943-14834,387,-7.428632154066618,-6.279975985203376
FT943-14834,421,-7.374239765198734,-7.086997956244197
WTX052-B12-194,527,-8.04048415516832,-8.474533033062112
GX038-08-1047355,759,-11.736544825165964,-10.80229680901035
AP890522-0296,139,-8.020799459315715,-7.962283366943952
AP890522-0296,140,-7.329300784929968,-7.5194512231504085
AP890522-0296,155,-7.784532320032522,-7.76144397869521
AP881020-0180,178,-13.769120820208645,-14.095547475048633
FBIS4-51839,379,-16.463294103686668,-16.210114731256887
FBIS4-51839,428,-7.969301477727297,-7.444123037245097
FBIS4-51839,655,-10.285917174352292,-10.398203547775974
FBIS4-51839,658,-12.550631507509333,-11.676599272121956
FBIS4-51839,678,-9.481679735282839,-9.712796855245394
AP880801-0121,180,-12.23231580043916,-11.637146029054911
AP890127-0050,152,-10.327204934760982,-10.452946190271076
FT932-8409,319,-7.138116465378399,-6.739953847421502
FT932-8409,375,-9.19347497148173,-6.912316381398752
FT932-8409,420,-10.617997868194792,-9.258862548734095
FT932-8409,444,-14.178427512790027,-12.191955657630698
FT932-8409,647,-11.255591665577635,-10.517354268053122
WTX089-B12-407,475,-11.977360672755903,-13.13304386032311
LA100590-0009,323,-11.480544547257946,-11.42549814754789
LA100590-0009,401,-8.098405569845042,-8.021106184136249
WTX053-B35-467,457,-9.793693362436013,-7.0374243402077905
GX241-06-4201661,736,-8.685317876914716,-8.730746936056233
FT941-8610,443,-8.285725210442713,-8.038290661803455
FT923-4554,408,-11.96033998487676,-10.419332579806294
AP881209-0034,160,-10.952661131658381,-11.128538437977001
WTX033-B18-207,530,-9.965968749398737,-10.497113153462644
WTX018-B20-194,537,-8.611038920825953,-9.142784826168002
WTX026-B08-107,507,-9.9354469989592,-10.704604366195433
GX010-11-11242343,804,-7.889829206836708,-6.83060278434755
WTX016-B14-3,500,-6.2617964800817845,-6.476339544368683
AP890308-0220,158,-8.057765761445303,-7.8207105650558155
WTX101-B11-76,480,-7.306805446552482,-6.952543120619759
GX011-80-1074652,714,-7.4474879196595785,-7.396605365127295
FT941-10100,450,-6.431628715897155,-6.3240990788141085
AP890424-0284,195,-10.008235532023013,-9.294347971211998
FBIS3-40185,414,-8.50428430292157,-8.006088813423712
FBIS3-39240,362,-9.40475133274814,-8.6249953636394
FBIS3-39240,401,-8.269345983959312,-8.188110060425013
WTX099-B24-354,503,-8.915480983494676,-8.784984297616695
AP880721-0095,125,-7.298981322739294,-7.244791932215264
AP880721-0095,172,-9.919697389449398,-8.985802669421668
AP880721-0095,173,-8.590622234009274,-6.520396777754632
AP880917-0104,148,-9.480126346616634,-9.06146282211784
FR940318-0-00101,338,-11.20295411474245,-11.291949496167078
FT934-2957,314,-11.394225049896182,-10.921637125635002
FBIS4-31073,401,-8.767350206554386,-8.43263351825938
WTX029-B30-527,499,-11.29342435669596,-11.15234667544562
AP891214-0098,151,-12.188505376137874,-12.39653488761737
AP891214-0098,193,-9.653499722971857,-9.9155171561483
AP891214-0098,197,-10.910062293396376,-10.965963801238635
WTX072-B20-153,549,-9.530837020826757,-8.921559051952691
AP891021-0077,156,-8.938388269811796,-9.246394015175142
AP881024-0053,189,-9.387280489016199,-9.69644871000056
FBIS3-45804,440,-7.6757001045464115,-6.9969445886702974
FT941-5957,361,-12.740384635949134,-11.210800529969394
FT941-5957,640,-10.417786037354302,-9.30779668751728
FT941-5957,684,-6.768046403566365,-6.964990746203661
AP881118-0110,130,-8.631985311084561,-7.706952229045795
AP881118-0110,140,-10.243680508048104,-10.00141232883092
GX269-69-7323852,717,-6.451224758085639,-6.51505575073019
WTX093-B38-193,472,-9.102709460268553,-9.744174669234628
WTX093-B38-193,548,-9.093162049643134,-9.309866704414372
AP890901-0017,194,-9.48790148201038,-9.386143490578663
LA111489-0003,664,-6.585272534304282,-5.910966904657112
WTX081-B02-21,454,-10.750155107142223,-7.620498002190621
GX028-26-7874309,824,-5.968115187461805,-5.845583138196437
WTX017-B49-75,502,-8.445602897459807,-8.42522241669503
WTX032-B45-230,494,-12.834083210671196,-12.998835974457428
FT922-5274,327,-11.471991725098576,-10.731182311350619
AP880603-0173,125,-7.708853804208076,-7.520628708609883
AP880603-0173,165,-7.594343899193223,-7.159672060956184
AP880603-0173,172,-9.885997947451639,-9.028226869082449
AP880603-0173,173,-7.230268297643919,-6.925265750688694
WTX091-B19-93,477,-9.211291741805729,-9.93120258581336
WTX091-B19-93,517,-7.953604249793984,-8.003264828446724
AP881206-0121,137,-9.17827422155817,-8.048939146368259
AP890904-0045,126,-8.695532632882857,-8.582431201410733
AP890904-0045,199,-11.514675451377483,-11.562414571580408
FBIS3-33282,354,-8.91307352897802,-9.046940017502646
FBIS3-33282,446,-8.998278918380093,-9.227433653817613
WTX095-B05-293,467,-11.144362031095524,-7.138091050739316
WTX035-B24-76,495,-9.418507088362384,-8.781725180070367
GX025-50-13449872,751,-12.662744264033321,-11.500948006457785
LA032489-0044,654,-8.606379460464396,-7.538981610564569
LA032489-0044,658,-9.5648197828442,-6.543462624989657
AP880622-0316,184,-7.402692670093672,-7.366193922690121
GX039-10-5518006,832,-6.083048790618034,-6.166261429004697
FT922-3424,395,-7.310393173138924,-6.951083355903862
FT922-3424,617,-7.072372834448207,-6.892275421806793
AP881123-0283,162,-9.345188979125776,-8.512462675355657
FT923-2323,648,-7.590349125704196,-7.717958624203274
GX038-08-1047355,759,-11.736544825165964,-10.80229680901035
AP880630-0145,149,-10.308562337590358,-9.0232602055963
AP890918-0032,195,-10.206853731641921,-9.749551857152227
AP891122-0068,178,-12.16219836431802,-11.86684264672266
AP880421-0166,188,-10.444890493714254,-10.527229620431797
FT924-4583,400,-8.520773281941745,-8.361469361145936
FBIS4-47102,434,-6.883173185310215,-6.5355167927218965
AP890205-0052,110,-7.8445944962647385,-7.452142762592851
AP890205-0052,180,-11.650394706843846,-11.221003950957275
GX095-39-11484782,713,-7.232563370949581,-7.3128572595894035
FT942-8508,648,-7.730092316601787,-7.9234716607496924
WTX077-B24-251,494,-7.969612475643001,-8.53465043786147
WTX035-B22-303,519,-8.132927674714692,-9.00322047369535
WTX060-B05-184,548,-7.939316789460769,-6.401905427382997
AP890414-0086,152,-10.150932966976814,-10.153395120604161
AP880613-0034,157,-11.593185765363259,-9.39012018267755
FT934-7301,417,-12.141701021404764,-12.216375000547625
FT934-7301,643,-9.564255697868587,-8.64918041350489
LA031990-0016,700,-7.700747938043399,-7.645971272566677
FT943-9539,603,-10.25145838421968,-10.521179884356034
AP890419-0092,113,-8.86886500695606,-8.735731047981453
AP890419-0092,191,-9.263813474656171,-8.681983397287564
WTX102-B11-388,479,-8.67592358907152,-8.329040375228763
LA071190-0129,313,-12.634921214197227,-10.651545583105559
FBIS3-23491,625,-11.657889277333267,-10.816263106298388
FT923-10363,331,-8.47335325567016,-8.458268814873925
FT923-10363,343,-6.246341495815125,-6.0499002327400255
FT933-219,608,-8.860370051401208,-8.545389960193319
WTX020-B20-34,537,-8.983615392814162,-8.296373925610999
FR940913-0-00011,369,-16.0995617804995,-15.296809680599797
WTX014-B11-321,462,-8.302203362286576,-8.716992838605545
FR940217-2-00013,304,-6.793365983970505,-6.471211104395541
FR940217-2-00013,314,-8.9758636237949,-8.74270034656512
FR940217-2-00013,355,-10.238625502307539,-10.294169372537748
FR940217-2-00013,399,-12.530276796722637,-9.412536999369978
FR940217-2-00013,439,-10.840276131173784,-10.856528840953347
WTX037-B32-293,534,-8.457819703285091,-8.640422397066525
FT944-3758,364,-13.791449064371951,-13.95654963472265
AP880521-0028,133,-11.011661249855173,-8.069658575158739
AP880221-0034,166,-10.259536483477358,-10.120060729454364
WTX086-B44-254,544,-7.940251093224922,-8.042134265319085
WTX049-B50-20,519,-8.410889597676405,-9.056527400463988
LA092990-0004,393,-10.21556922047136,-10.242524664250382
LA092990-0004,636,-9.132894813043313,-9.234135943587887
LA091289-0112,360,-10.405893766238602,-9.512897509436335
AP890916-0040,162,-9.674536357432617,-10.152042204006616
AP880606-0073,151,-10.829243424437534,-10.13101379750152
AP890531-0230,155,-9.315054318667247,-8.942132392009805
FT924-4322,334,-11.671327493414463,-11.276260555508706
FT924-4322,344,-13.295526504144764,-10.754019304224524
FT924-4322,367,-6.815715062137436,-6.580214451379714
FT924-4322,373,-10.572780159574078,-9.530920975181168
FT924-4322,422,-10.68160699714787,-10.632290037660802
FT924-4322,425,-10.794354094865717,-9.312987008736556
FT924-4322,645,-6.041012239940068,-5.846939346918661
WTX069-B10-201,495,-8.054508637332805,-8.697616270602598
FT921-4613,313,-12.46042974682762,-12.559851434998267
FT934-3952,352,-10.892480899706484,-9.543092618209519
FT934-3952,363,-8.884020900487604,-8.882286723095019
FT934-3952,436,-10.738757402982692,-9.123552229710235
GX007-93-12310235,726,-7.4746830515432805,-7.570923758322889
AP880623-0294,174,-7.1926858679799395,-6.956456169501756
FT931-4409,389,-9.34989960937746,-9.365036970852898
WTX018-B20-194,537,-8.611038920825953,-9.142784826168002
WTX026-B08-107,507,-9.9354469989592,-10.704604366195433
GX010-11-11242343,804,-7.889829206836708,-6.83060278434755
WTX016-B14-3,500,-6.2617964800817845,-6.476339544368683
AP890308-0220,158,-8.057765761445303,-7.8207105650558155
WTX101-B11-76,480,-7.306805446552482,-6.952543120619759
GX011-80-1074652,714,-7.4474879196595785,-7.396605365127295
FT941-10100,450,-6.431628715897155,-6.3240990788141085
AP890424-0284,195,-10.008235532023013,-9.294347971211998
FBIS3-40185,414,-8.50428430292157,-8.006088813423712
FBIS3-39240,362,-9.40475133274814,-8.6249953636394
FBIS3-39240,401,-8.269345983959312,-8.188110060425013
WTX099-B24-354,503,-8.915480983494676,-8.784984297616695
AP880721-0095,125,-7.298981322739294,-7.244791932215264
AP880721-0095,172,-9.919697389449398,-8.985802669421668
AP880721-0095,173,-8.590622234009274,-6.520396777754632
AP880917-0104,148,-9.480126346616634,-9.06146282211784
FR940318-0-00101,338,-11.20295411474245,-11.291949496167078
AP880728-0157,148,-7.071474655464092,-7.308865146303947
LA100690-0107,350,-7.027711383463716,-7.271173376110595
AP890226-0022,166,-9.940777414751906,-9.170100228223118
AP880409-0174,144,-7.827552459589867,-7.82017325671429
AP890713-0202,140,-10.247967103711723,-9.65628330952762
AP890713-0202,155,-9.40369899095455,-9.10909381018629
AP880423-0081,103,-8.390645264023421,-7.197474490186311
AP880423-0081,185,-7.9565045843183455,-7.1388220342934385
FT934-2957,314,-11.394225049896182,-10.921637125635002
AP880421-0011,118,-6.942208214897015,-7.083879775297728
AP880421-0011,119,-7.852582956796808,-7.8320141056759205
AP880421-0011,138,-9.034401775651762,-8.639396258373052
FBIS4-47102,434,-6.883173185310215,-6.5355167927218965
FT944-1628,401,-8.480225999719668,-8.656629650412295
FT944-1628,410,-7.245791924926243,-7.635319077321049
FBIS4-40530,331,-8.01996973128005,-7.996717810047899
FBIS4-40530,434,-6.617226798031046,-6.604051042672431
AP890722-0115,155,-8.368604743068977,-8.599030413794582
FT942-768,352,-10.841897076792467,-10.885102631262017
FT942-768,395,-7.1625010389749,-6.89459193304039
FT942-768,438,-7.182167612588202,-7.106919444804129
LA100490-0070,401,-8.979136172070053,-8.96180811989989
LA100490-0070,648,-7.42171888142966,-7.413499284688855
LA100490-0070,682,-7.761746696723921,-7.538450532361544
LA102289-0049,367,-12.929997162640172,-12.949449544183965
LA102289-0049,400,-7.533417020762552,-7.835114843200305
AP891020-0231,159,-9.088143646151366,-8.659559625906526
LA070989-0158,340,-8.193974244549711,-8.054845407218775
AP880610-0043,118,-9.224960598713947,-8.620075563369623
AP880610-0043,119,-9.341092238483313,-8.810888071779697
LA081489-0040,354,-10.645830023171909,-10.289894398253061
AP890817-0039,154,-9.334489688596161,-8.801715488892988
AP890325-0114,150,-7.745008640785824,-7.097457835588629
FT933-7879,331,-6.21635703782348,-6.101306816836921
GX012-70-1701308,701,-7.412598124099228,-7.0776437270982555
AP881024-0053,189,-9.387280489016199,-9.69644871000056
GX059-58-1690569,726,-8.52591580812768,-8.166724689822216
FBIS3-41220,301,-9.018121899410929,-8.682337441007705
AP880510-0175,138,-9.227481267730962,-8.812357408324088
FBIS4-33288,320,-11.905739347439386,-11.834414562398393
FBIS4-33288,367,-12.928694655129423,-12.803028440098604
GX041-11-8127547,732,-6.603934397636297,-6.616166653934428
AP881027-0186,144,-6.736279349875419,-6.6631907271739825
FT921-5044,304,-8.936742015708013,-8.222146295933964
FT921-5044,340,-8.381365321071625,-8.41704736577093
FT921-5044,347,-11.445340071311321,-8.4091863705432
FT921-5044,407,-12.228024690511125,-9.192634462643735
GX028-51-7031655,756,-6.883280377743702,-6.364172401239782
LA111690-0002,398,-8.7984743279557,-8.533165034096115
LA071190-0029,662,-12.995345589351082,-10.452656464338741
AP891108-0064,172,-9.961298177817946,-9.27038006007393
AP891108-0064,173,-8.755916535133021,-6.80332059007312
AP890810-0212,165,-7.741834734614114,-7.409959415756138
FBIS4-52309,357,-9.680017422838194,-8.011938387937882
FBIS4-52309,399,-12.540690167750384,-11.55013258958369
FBIS4-52309,631,-6.58671414881243,-6.848824950387709
FT933-219,608,-8.860370051401208,-8.545389960193319
LA040690-0016,379,-16.52047245114766,-16.112373475770223
LA040690-0016,445,-9.394170760085139,-9.096985126399883
LA040690-0016,658,-10.207231027158326,-9.003648366796797
AP891104-0133,105,-7.238143077007079,-7.423761608033621
AP891104-0133,195,-9.744695313347162,-9.073167857809585
WTX064-B48-196,451,-9.897990127674587,-7.027458195847084
WTX064-B48-196,452,-10.336404979814402,-9.56071138351248
AP890918-0032,195,-10.206853731641921,-9.749551857152227
AP890720-0241,106,-7.120808528212811,-7.112922423193225
AP890720-0241,190,-8.52559311571927,-8.464704867644716
LA060390-0073,354,-10.6104411478417,-10.644309578865007
GX045-70-1117628,819,-6.470186372893952,-6.693875217079805
FT921-12562,309,-8.85771743832153,-9.112479212168667
FT921-12562,411,-14.047457851474606,-13.535238019529391
FT942-4421,307,-7.237996756358996,-7.238636796033592
FT942-4421,331,-7.342562992422754,-7.2205876519807
FT942-4421,647,-10.712862056923578,-10.364574779615292
WTX051-B26-13,454,-9.927064301452667,-6.511411729155222
FT932-8409,319,-7.138116465378399,-6.739953847421502
FT932-8409,375,-9.19347497148173,-6.912316381398752
FT932-8409,420,-10.617997868194792,-9.258862548734095
FT932-8409,444,-14.178427512790027,-12.191955657630698
FT932-8409,647,-11.255591665577635,-10.517354268053122
AP890816-0057,154,-6.8166383408719735,-6.578869439724658
AP890816-0057,192,-6.374267039742493,-6.336122342290655
AP880320-0047,126,-8.011346946850077,-8.191073328178009
GX051-11-11608435,757,-6.870874170439073,-7.045991246525354
GX004-85-15927668,736,-11.203302782261131,-9.065700807596485
AP880225-0196,189,-9.930581679960948,-9.726403717495202
AP880401-0072,148,-10.15768059886734,-8.64571437087373
FR940405-1-00092,350,-9.373432429725053,-9.318780262564193
FR940405-1-00092,396,-6.851441438447654,-6.57145082875021
FR940405-1-00092,630,-8.71816336608582,-8.457963965135946
WTX033-B18-207,530,-9.965968749398737,-10.497113153462644
AP880618-0079,181,-10.541091914287293,-10.604587897317884
AP890406-0119,142,-9.423121063648598,-9.330203356440936
AP890414-0017,154,-6.513443707232971,-6.684550123190983
AP880321-0121,127,-9.267196314186034,-8.0514504906789
LA060790-0008,700,-7.915112926341285,-7.723053560374081
AP880502-0077,130,-8.818976002457793,-7.616079641998935
AP880502-0077,145,-9.034683786014048,-8.927336157461298
AP880216-0127,111,-8.850907541519149,-6.759059129754668
AP880216-0127,127,-8.983057411728831,-8.106354499928788
AP890419-0092,113,-8.86886500695606,-8.735731047981453
AP890419-0092,191,-9.263813474656171,-8.681983397287564
LA081789-0020,629,-8.049453022301702,-8.037317291122108
AP880418-0006,130,-9.035292017698765,-8.54915399109287
AP880513-0101,101,-7.772504962170529,-7.694151902652841
AP880513-0101,102,-9.039554877898437,-8.869190512960282
AP880513-0101,113,-7.248859166286585,-6.996762268495798
AP880513-0101,114,-8.955631320603194,-8.190144969807921
WTX075-B17-172,503,-9.702321314926813,-9.839397333600528
AP880630-0145,149,-10.308562337590358,-9.0232602055963
LA111690-0058,370,-8.833148779787141,-9.184858079495239
LA111690-0058,398,-9.424817590305622,-9.038725820991424
AP880318-0173,115,-7.826912598189704,-7.460116409676857
FT944-11346,693,-7.744881938957596,-7.295403790635726
AP880706-0138,137,-9.477066084404601,-9.313110922189114
AP880706-0138,187,-9.623361004857376,-9.77589013956101
GX039-10-5518006,832,-6.083048790618034,-6.166261429004697
GX271-30-5088287,830,-7.4899806831564755,-7.657576551521295
AP880302-0232,180,-11.909240875569779,-10.843656279779507
FT923-6110,408,-9.956156333416764,-7.575588310847062
FBIS4-5631,321,-10.033704612794057,-9.971978180182505
WTX018-B45-20,493,-12.427959314360674,-12.046728953081663
FT942-2505,409,-8.283176040632041,-8.623721162756203
LA040789-0040,314,-10.307716598592778,-9.452548220194021
LA040789-0040,641,-8.369511819637976,-7.9903578787282505
AP880220-0125,114,-8.932879750799357,-7.686775266129855
AP890416-0082,192,-6.685558613827006,-6.306914299782234
AP880920-0161,146,-8.47150153035831,-8.027139895262877
LA082989-0016,338,-11.382459285666933,-11.45589777794509
LA082989-0016,436,-10.885070493705026,-9.215735930887472
FR940405-0-00020,370,-8.906629989150055,-9.073973895204396
FR940405-0-00020,448,-8.445130568168551,-8.784952340312163
FBIS3-4361,307,-6.895413225434738,-7.164165652621577
AP891119-0020,110,-8.247057689707548,-7.7806289829184205
AP890313-0100,130,-8.902998602060833,-8.6330874748993
GX008-69-13596389,705,-7.644090858099858,-6.985516249699904
AP890127-0050,152,-10.327204934760982,-10.452946190271076
FT944-15143,326,-12.452211526482548,-9.572587804681714
FT944-15143,411,-11.793886041907896,-9.927328029637088
FT944-15143,448,-7.806564627588015,-7.442852883682352
FT944-4092,340,-9.775038884361933,-9.27989800983747
FT944-4092,353,-12.313493104972125,-9.884805036429194
FT944-4092,355,-11.474431664601909,-10.382195282241026
FT944-4092,357,-10.426693300006702,-8.459756013444395
FT944-4092,399,-12.613108696208549,-11.725558903689457
FBIS3-20897,313,-9.940878366590445,-7.265470708465001
WTX014-B31-524,550,-10.012590801466338,-7.894571391733213
AP891229-0168,189,-8.572620608526394,-8.760487279149734
AP880929-0138,143,-8.34915535730207,-8.233378137167325
AP891208-0058,126,-8.76029134079244,-8.500030496157295
AP880825-0236,108,-9.52350890692965,-8.963860961535131
AP880825-0236,141,-8.344962690220212,-8.228830560794556
FT934-3952,352,-10.892480899706484,-9.543092618209519
FT934-3952,363,-8.884020900487604,-8.882286723095019
FT934-3952,436,-10.738757402982692,-9.123552229710235
GX007-93-12310235,726,-7.4746830515432805,-7.570923758322889
AP880623-0294,174,-7.1926858679799395,-6.956456169501756
WTX018-B20-194,537,-8.611038920825953,-9.142784826168002
WTX026-B08-107,507,-9.9354469989592,-10.704604366195433
GX010-11-11242343,804,-7.889829206836708,-6.83060278434755
WTX016-B14-3,500,-6.2617964800817845,-6.476339544368683
AP890308-0220,158,-8.057765761445303,-7.8207105650558155
WTX101-B11-76,480,-7.306805446552482,-6.952543120619759
GX011-80-1074652,714,-7.4474879196595785,-7.396605365127295
FT941-10100,450,-6.431628715897155,-6.3240990788141085
AP890424-0284,195,-10.008235532023013,-9.294347971211998
FBIS3-40185,414,-8.50428430292157,-8.006088813423712
FBIS3-39240,362,-9.40475133274814,-8.6249953636394
FBIS3-39240,401,-8.269345983959312,-8.188110060425013
WTX099-B24-354,503,-8.915480983494676,-8.784984297616695
AP880721-0095,125,-7.298981322739294,-7.244791932215264
AP880721-0095,172,-9.919697389449398,-8.985802669421668
AP880721-0095,173,-8.590622234009274,-6.520396777754632
AP880917-0104,148,-9.480126346616634,-9.06146282211784
FR940318-0-00101,338,-11.20295411474245,-11.291949496167078
AP890711-0158,193,-9.772845794667795,-8.681623539592376
AP880920-0161,146,-8.47150153035831,-8.027139895262877
LA022389-0218,450,-7.234901816226558,-7.416778085717594
FT924-2356,325,-13.117700670336127,-13.06202837473763
FT924-2356,336,-9.087419614974209,-9.18363855623343
LA083089-0044,332,-7.604141109751785,-7.792036995351675
LA083089-0044,650,-8.88107122773215,-8.288021868824519
FBIS3-9311,439,-11.085102444901569,-11.220985664736528
AP890228-0135,151,-12.154144233703633,-11.79857903970984
AP890228-0135,156,-7.81442440161216,-7.973549522575327
GX062-64-5997432,770,-7.8048473208169264,-7.6630467074642254
AP880908-0152,194,-8.649773725047778,-8.77460844198984
FR940831-2-00152,417,-12.189874297836534,-12.233482607434873
AP890927-0033,119,-8.51036940920996,-8.457135157195562
LA060390-0136,438,-9.37385122606803,-8.258668451890381
AP891107-0244,189,-9.968917828704495,-9.763408735209548
FT922-5274,327,-11.471991725098576,-10.731182311350619
AP891208-0225,169,-10.146622762782904,-10.450502300126402
GX263-35-6742201,723,-10.21350002763625,-9.839911603485396
WTX055-B12-189,526,-5.621170308617832,-6.674245351537663
GX181-71-0463042,799,-8.630709868747774,-7.930592807694226
GX237-83-3259184,754,-7.6337486772629655,-7.455540124081654
AP880420-0258,187,-9.740599435234383,-9.783374011102396
AP880215-0223,134,-11.065528086866145,-7.791740688294824
AP880215-0223,135,-9.82005667638117,-9.29756142536347
AP880215-0223,198,-10.579828181543284,-9.614404960418955
WTX026-B17-307,490,-9.841424623388237,-9.277180244849635
AP881104-0070,199,-12.603693079250636,-12.289673640936988
AP880220-0009,181,-10.211509430773896,-10.195548022117338
AP881029-0101,156,-9.165045696824404,-9.457502912377521
FBIS3-41598,357,-10.268116498880582,-10.218787664300105
FT933-3647,437,-9.106490920425594,-7.248671910425198
GX249-32-15302501,794,-6.89414854466771,-7.2462058164592715
GX255-80-12989449,734,-10.279900386354374,-9.858865130484592
FT923-3617,301,-8.352283626330717,-7.9680267666799285
FT923-3617,410,-7.289859504381536,-7.171716893283765
AP880226-0220,103,-6.720743481475375,-7.0700380479761815
AP880226-0220,185,-6.997214155276583,-7.167298130934546
AP880226-0220,186,-9.481235746078747,-8.779765934991984
GX002-31-7845435,744,-10.041481969708904,-10.093616770238906
AP890817-0173,159,-8.298305255466971,-7.656488841005443
AP890227-0287,147,-10.10330105598077,-8.56873543939438
AP890525-0147,154,-6.826025901677427,-6.478557338702819
AP890525-0147,174,-8.426551364130914,-7.6854651270335745
AP890525-0147,192,-6.725047590831144,-6.371873574940931
AP880811-0157,156,-8.915269649997844,-8.535204480942992
LA071390-0053,320,-8.83171464037988,-8.547746180354304
LA061489-0087,662,-12.932916032088333,-10.51921204150537
FT943-13239,366,-10.552827204918364,-10.458498478441875
AP880617-0289,108,-7.924819687820557,-7.906999473901975
AP880617-0289,141,-7.62268185451144,-7.711183465744501
AP880617-0289,142,-9.432987804541206,-8.941492242990856
AP890422-0040,154,-9.237732729151329,-6.717649255919732
AP890422-0040,192,-6.582107905816633,-6.179282789146104
AP890629-0038,142,-9.5192125639242,-8.421880309989405
AP890629-0038,143,-7.90938820384466,-7.659953711049781
LA061090-0221,370,-7.79546312640721,-7.94180337459113
GX268-52-2344040,706,-7.5944096639904615,-7.4130366777623635
AP880726-0143,152,-10.42133220294858,-10.48651317162051
WTX053-B35-467,457,-9.793693362436013,-7.0374243402077905
GX005-66-14275144,775,-8.545811126662521,-8.552144559273655
AP890703-0148,156,-8.734048495192006,-8.892100075448045
AP890301-0238,125,-7.564233866022404,-7.319229505912908
AP890301-0238,172,-9.951876713087826,-8.56843963555731
AP890301-0238,173,-6.804383319896313,-6.2322029875644285
FT924-4322,334,-11.671327493414463,-11.276260555508706
FT924-4322,344,-13.295526504144764,-10.754019304224524
FT924-4322,367,-6.815715062137436,-6.580214451379714
FT924-4322,373,-10.572780159574078,-9.530920975181168
FT924-4322,422,-10.68160699714787,-10.632290037660802
FT924-4322,425,-10.794354094865717,-9.312987008736556
FT924-4322,645,-6.041012239940068,-5.846939346918661
AP890522-0296,139,-8.020799459315715,-7.962283366943952
AP890522-0296,140,-7.329300784929968,-7.5194512231504085
AP890522-0296,155,-7.784532320032522,-7.76144397869521
WTX005-B48-79,549,-8.270376394532747,-7.611286911959665
LA050390-0240,666,-8.567258961602846,-7.9435958902873125
FT933-219,608,-8.860370051401208,-8.545389960193319
LA102689-0143,601,-9.049501561654164,-9.128679459413013
FBIS4-14446,396,-9.181736411241658,-9.057275254231087
LA071590-0193,363,-10.7989409851622,-10.338834047545962
AP891130-0220,187,-9.796024310264695,-9.372841331395795
LA051289-0178,398,-8.704521952373705,-8.735851456244035
AP881204-0007,119,-8.684897049882041,-8.543335629087725
AP891104-0005,146,-8.339870438852698,-7.91310202540168
AP880401-0284,189,-9.533835156134293,-9.75611236375859
WTX078-B32-69,537,-7.601674422098179,-8.323395000246176
LA120890-0010,383,-10.646926079456312,-10.559390302631478
LA120890-0010,636,-9.016997473971415,-9.366443103603313
LA120890-0010,654,-8.334581317834918,-8.301617055890233
AP880421-0122,156,-9.383910583872275,-8.889851868529368
AP880421-0122,158,-8.753673932560133,-8.325676787625783
WTX014-B31-489,550,-10.025902146104578,-7.756068050749807
WTX091-B19-93,477,-9.211291741805729,-9.93120258581336
WTX091-B19-93,517,-7.953604249793984,-8.003264828446724
AP891215-0105,134,-10.941102752653745,-9.052171023705064
WTX069-B10-201,495,-8.054508637332805,-8.697616270602598
LA100490-0070,401,-8.979136172070053,-8.96180811989989
LA100490-0070,648,-7.42171888142966,-7.413499284688855
LA100490-0070,682,-7.761746696723921,-7.538450532361544
WTX102-B22-133,547,-9.759392411707056,-7.39921830543809
WTX059-B09-72,481,-10.500027501449328,-10.258591333130484
FT944-5248,326,-12.130694502971071,-11.932964354719475
FT944-5248,363,-9.414259061693558,-9.420009071444978
FT944-5248,367,-12.863047667148656,-10.645946806348599
FT944-5248,448,-9.508943196924344,-8.222772802046167
FT944-5248,659,-7.346231076930393,-7.607808592075328
AP890713-0202,140,-10.247967103711723,-9.65628330952762
AP890713-0202,155,-9.40369899095455,-9.10909381018629
AP891119-0020,110,-8.247057689707548,-7.7806289829184205
AP880803-0103,110,-7.8642979544054645,-7.591813482613134
GX007-93-12310235,726,-7.4746830515432805,-7.570923758322889
WTX098-B38-283,462,-7.651587868751802,-7.681009464700605
AP890524-0142,199,-12.645498670922542,-12.573917906981967
AP880701-0042,188,-10.042415561930003,-10.57389800622994
AP890308-0120,130,-8.703190045233887,-7.658592928532143
WTX075-B39-322,504,-7.584935465984309,-7.951713893845977
LA060590-0046,638,-12.87914915854022,-12.624909582739594
WTX089-B19-268,491,-10.148724418148577,-9.690938844759021
LA081190-0094,329,-7.207046515336077,-6.800330437707117
GX248-12-6205349,789,-4.966391766016102,-5.230750457410519
AP890531-0230,155,-9.315054318667247,-8.942132392009805
AP891113-0164,189,-9.496997998817012,-9.723373755526003
FT921-14761,328,-15.781054109242449,-14.587608925119191
FT921-14761,422,-10.162767218670544,-10.10644899899496
FT921-14761,647,-8.939067694545084,-9.340883437173911
AP880614-0056,165,-7.85904500114996,-7.156898489961226
AP880614-0056,183,-9.142603559879941,-8.714227951138687
GX244-55-7689023,796,-7.644009819378249,-7.469497435140934
LA051489-0205,315,-9.56714857146542,-9.224797388067476
AP890619-0215,192,-7.72845848931974,-7.264097433577852
FT933-15380,446,-7.816358898095613,-7.8496283947521786
FT933-15380,626,-10.618745558008154,-10.748676262472753
AP891009-0097,124,-10.179576752463134,-9.135459070742089
AP891009-0097,198,-11.004371995910438,-10.502154287207704
AP891125-0082,114,-9.115163197388947,-8.54707504332503
AP891125-0082,129,-9.297151749782333,-9.88485677821694
AP891125-0082,149,-10.418508734558348,-10.824483684498238
FR941207-1-00023,304,-9.742206224067079,-7.430014635913802
FR941207-1-00023,347,-11.566539094740836,-7.991720426733554
FR941207-1-00023,407,-12.349223713940642,-10.466022021035474
FR941207-1-00023,411,-14.020542073511704,-13.674846662350312
AP881024-0053,189,-9.387280489016199,-9.69644871000056
AP880829-0248,141,-7.230608839130763,-7.101493486709307
FBIS3-10018,417,-12.091457228600337,-12.114234178959345
AP890720-0241,106,-7.120808528212811,-7.112922423193225
AP890720-0241,190,-8.52559311571927,-8.464704867644716
AP880310-0268,167,-9.38550843840533,-9.439954781928188
AP890126-0068,189,-9.185032085132367,-8.723060069562651
LA061390-0077,382,-10.584378630099264,-10.518323408276599
LA061390-0077,407,-11.534821581373166,-11.61832599192355
LA061390-0077,641,-7.803235584368825,-7.682011557295448
LA061390-0077,670,-8.464709313637385,-8.111831743299991
LA032989-0060,389,-9.41740503636932,-9.302531772982045
WTX072-B20-153,549,-9.530837020826757,-8.921559051952691
WTX047-B39-305,457,-7.737679135271212,-8.8157377659481
WTX018-B14-145,452,-8.916153636874641,-8.911982736685207
AP881213-0156,143,-9.19507517397771,-9.263731915686853
AP890621-0225,154,-6.197718100718108,-6.493528779120627
AP890621-0225,192,-6.240383174325396,-6.515395095050916
FT921-5609,688,-8.3323537376765,-8.39447349446866
AP890828-0248,195,-10.084481103627136,-9.279211333761356
LA122889-0074,331,-8.312997043974367,-8.087023459136987
LA122889-0074,425,-9.900527455982072,-7.1338381492293665
GX005-53-8274005,728,-6.525282408435963,-6.451818190532069
AP890712-0145,189,-9.251010557882283,-9.33452608846287
FBIS4-2353,362,-6.973068517587822,-6.558456112827724
FBIS4-2353,682,-8.996860486914905,-8.657352954634646
GX042-57-4197908,824,-5.879337027892582,-5.778302027465283
FT931-16191,394,-10.144257935607197,-9.941081883051858
FR940817-2-00019,439,-11.629298515796124,-9.96150786100825
FT942-2505,409,-8.283176040632041,-8.623721162756203
AP880401-0072,148,-10.15768059886734,-8.64571437087373
WTX019-B40-24,537,-7.385505300747291,-8.146623718553823
AP880802-0131,151,-10.964744484825104,-10.506221511623064
WTX103-B08-129,495,-9.273068087876862,-9.018058278030207
FT943-7580,627,-6.859851491630113,-7.0810294297602425
FT943-7580,640,-9.27346285850488,-9.611802967851215
FT943-7580,651,-8.047495348952205,-7.938354103085055
AP890908-0081,151,-12.020154566931502,-11.129060635251626
AP890919-0211,190,-8.182355062273524,-8.432044700055581
AP891223-0097,189,-9.183379156993652,-8.941542332813679
AP890313-0100,130,-8.902998602060833,-8.6330874748993
AP880420-0181,127,-8.98658029977334,-7.813565622764508
AP891220-0104,152,-10.171065545608165,-10.145756523374969
WTX091-B17-152,478,-6.583416259516953,-6.889947248224065
WTX057-B41-159,453,-5.546244570314476,-5.7542806291126665
FBIS4-35578,395,-6.442125903974965,-6.582753372364727
FBIS4-35578,438,-7.1465329587696225,-7.28644438973131
FBIS3-33282,354,-8.91307352897802,-9.046940017502646
FBIS3-33282,446,-8.998278918380093,-9.227433653817613
FT943-13263,370,-8.226457256076483,-8.387272365202406
FT943-13263,700,-8.657110794909004,-8.640886927990968
WTX097-B15-21,541,-8.960106226518443,-7.5256906077265135
FBIS4-6232,325,-13.129061031676091,-12.71423740871709
AP890324-0215,197,-10.40243500529564,-10.224761699377881
GX253-15-11384719,710,-7.703263381169908,-7.220636842646011
FT924-8113,330,-6.982994898546012,-6.836915358873855
FT924-8113,373,-9.534498058335004,-9.306341041094266
FT924-8113,389,-9.363576149483315,-9.199780228666201
AP880604-0024,142,-9.077600709876636,-8.119187922174147
AP880604-0024,143,-7.984873334619138,-7.946400977170931
AP881124-0125,110,-7.802591942340362,-7.343394724240751
AP891127-0132,148,-10.12834111454794,-9.265436142642667
AP890428-0011,143,-8.242286413739293,-8.39810024674775
GX248-61-4740968,767,-7.034392119164397,-7.171700880761197
FBIS4-62259,332,-8.286132833356547,-6.880004826284294
FBIS4-62259,434,-7.977747177299145,-8.396653600456855
FT923-12937,321,-10.101638722932766,-10.230937019894245
FT923-12937,351,-9.458594461939319,-8.375140260053424
FT923-12937,357,-9.593153184733223,-8.533786168171533
FT944-15143,326,-12.452211526482548,-9.572587804681714
FT944-15143,411,-11.793886041907896,-9.927328029637088
FT944-15143,448,-7.806564627588015,-7.442852883682352
FBIS3-59251,378,-9.675753431991055,-9.403480450450937
