doc,query,pq_q_recall,pq_q_ap,q_weight_perc,pq_q_results_jacc,pq_q_results_cosine,pq_results_ap,q_results_ap,pq_results_prec,q_results_prec
AP880623-0294,174,0.3333333333333333,0.3333333333333333,0.16666666666666666,0.1111111111111111,0.9968158556544633,0.12048192771084337,0.10266303308471983,1.0,0.9
AP880917-0104,148,0.0,0.0,0.0,0.0,0.9946348050884067,0.0011363636363636363,0.018506493506493506,0.1,0.5
AP880721-0095,172,0.0,0.0,0.0,0.0,0.9947682037835224,0.0,0.025,0.0,0.1
AP880721-0095,173,0.5,0.5,0.22580645161290322,0.17647058823529413,0.9969025637503871,0.04016928610524669,0.043295019157088124,0.9,0.9
AP880721-0095,125,0.2,0.25,0.22580645161290322,0.0,0.9957514724026605,0.02266081871345029,0.07368421052631578,0.4,0.7
AP890424-0284,195,0.25,0.2857142857142857,0.3448275862068966,0.0,0.9924615274341827,0.024999999999999998,0.0,0.4,0.0
AP890412-0121,133,0.3333333333333333,0.3333333333333333,0.25,0.0,0.9952018136016575,0.0,0.5213675213675214,0.0,0.7
AP880528-0031,144,0.0,0.0,0.0,0.0,0.9925589443319244,0.0,0.003401360544217687,0.0,0.1
AP880409-0180,142,0.125,0.023809523809523808,0.08108108108108109,0.0,0.9858761929228531,0.0210447373393802,0.007227891156462584,0.9,0.3
AP880321-0288,169,0.0,0.0,0.0,0.0,0.9923264026548662,0.0,0.03645833333333333,0.0,0.2
AP880609-0179,129,0.2,0.07142857142857142,0.08163265306122448,0.0,0.9905946615609259,0.019461077844311378,0.023952095808383235,0.4,0.4
AP880609-0179,149,0.0,0.0,0.0,0.0,0.992094861747034,0.0,0.04145408163265306,0.0,0.3
AP891218-0158,150,0.0,0.0,0.0,0.0,0.9881724541023662,0.0,0.0423728813559322,0.0,1.0
AP891205-0198,117,0.14285714285714285,0.05,0.08080808080808081,0.0,0.9866062333517438,0.09808429118773945,0.05935960591133004,0.5,0.4
AP890308-0220,158,0.125,0.25,0.19402985074626866,0.0,0.993497096381388,0.0,0.0,0.0,0.0
AP880401-0072,148,0.0,0.0,0.0,0.0,0.9944171122266949,0.045454545454545456,0.018506493506493506,1.0,0.5
AP890406-0119,142,0.0,0.0,0.0,0.0,0.9887880611907475,0.0,0.007227891156462584,0.0,0.3
AP890302-0037,158,0.125,0.25,0.17307692307692307,0.0,0.9936755072696096,0.0,0.0,0.0,0.0
AP890209-0263,191,0.0,0.0,0.0,0.0,0.9892503037597464,0.007874015748031496,0.003937007874015748,0.1,0.1
AP880622-0299,197,0.0,0.0,0.0,0.0,0.9929256860025599,0.0,0.02040816326530612,0.0,0.2
AP890218-0025,110,0.25,0.08095238095238096,0.15384615384615385,0.0,0.9923248808446242,0.011449489356466102,0.010071367048111233,0.7,0.6
AP890410-0259,152,0.0,0.0,0.0,0.0,0.9916795826614322,0.03215434083601286,0.008360128617363344,1.0,0.4
AP881013-0147,193,0.0,0.0,0.0,0.0,0.9925062149393109,0.013888888888888888,0.08333333333333333,0.2,1.0
AP890902-0140,130,0.16666666666666666,0.027777777777777776,0.06097560975609756,0.0,0.9939928992113893,0.043859649122807015,0.012922932330827069,1.0,0.6
AP890902-0140,145,0.0,0.0,0.0,0.0,0.9912434352146703,0.02330097087378641,0.07218369548466635,0.4,0.8
AP880930-0069,138,0.16666666666666666,0.025,0.0784313725490196,0.0,0.9951501647380553,0.0,0.002777777777777778,0.0,0.1
AP890629-0038,142,0.0,0.0,0.0,0.0,0.9937884899116928,0.0257853835978836,0.007227891156462584,0.9,0.3
AP890629-0038,143,0.25,0.125,0.10344827586206896,0.0,0.9944714193397054,0.014167906746031746,0.00390625,0.6,0.1
AP880802-0131,151,0.0,0.0,0.0,0.0,0.9932397982966573,0.0,0.07604166666666666,0.0,0.7
AP880321-0151,146,0.0,0.0,0.0,0.0,0.9968405706154803,0.022392113095238093,0.018368055555555558,0.8,0.8
AP890228-0135,156,0.0,0.0,0.0,0.0,0.994743311096342,0.00909090909090909,0.020329485329485326,0.3,0.8
AP890228-0135,151,0.0,0.0,0.0,0.0,0.9940923343814411,0.0,0.07604166666666666,0.0,0.7
AP880725-0117,123,0.0,0.0,0.0,0.05263157894736842,0.9952906848565667,0.0,0.04104308390022675,0.0,0.4
AP880725-0117,160,0.0,0.0,0.0,0.0,0.9929689110250328,0.011965811965811967,0.019230769230769232,0.2,0.1
AP880725-0117,122,0.14285714285714285,0.16666666666666666,0.3125,0.0,0.9939950742656362,0.005555555555555555,0.025,0.1,0.1
AP880725-0117,121,0.3333333333333333,0.5,0.3125,0.0,0.9923938492455344,0.0,0.0,0.0,0.0
AP880725-0117,124,0.2,0.25,0.3125,0.0,0.9941509938502252,0.016522988505747124,0.0827175697865353,0.3,0.6
AP880725-0117,135,0.14285714285714285,0.025,0.052083333333333336,0.0,0.9933444148218992,0.05333333333333334,0.03166666666666667,0.4,0.3
AP880725-0117,198,0.14285714285714285,0.03125,0.052083333333333336,0.0,0.9926953950972562,0.07706766917293233,0.06765873015873015,0.6,0.8
AP880727-0195,198,0.0,0.0,0.0,0.0,0.9932662295968379,0.022478070175438597,0.06765873015873015,0.3,0.8
AP880727-0195,135,0.0,0.0,0.0,0.0,0.9942344807869625,0.022777777777777775,0.03166666666666667,0.3,0.3
AP880321-0121,127,0.2,0.03571428571428571,0.07352941176470588,0.0,0.9941859493637687,0.0012121212121212121,0.00808080808080808,0.1,0.2
AP890712-0128,189,0.0,0.0,0.0,0.0,0.9917117301136869,0.0006298815822625346,0.006585861857970702,0.2,0.8
AP890713-0202,140,0.0,0.0,0.0,0.0,0.9911223783034497,0.0,0.027999999999999997,0.0,0.2
AP890713-0202,155,0.16666666666666666,0.125,0.1206896551724138,0.0,0.9917004649117689,0.0,0.0,0.0,0.0
AP880706-0326,183,0.3333333333333333,0.16666666666666666,0.12280701754385964,0.0,0.9951433396433282,0.14408014571949,0.16393442622950818,0.9,1.0
AP890722-0115,155,0.3333333333333333,0.13333333333333333,0.17391304347826086,0.0,0.991712426717553,0.0,0.0,0.0,0.0
AP890509-0192,195,0.125,0.07142857142857142,0.15384615384615385,0.0,0.9941417501239306,0.0356359649122807,0.0,0.7,0.0
AP890509-0192,105,0.0,0.0,0.0,0.0,0.9859859858293043,0.08706108706108705,0.0,0.4,0.0
AP890426-0210,192,0.6666666666666666,0.6666666666666666,0.3611111111111111,0.0,0.9955364315821075,0.02559191274275073,0.026429901569566375,0.6,0.6
AP890426-0210,154,0.5,0.5,0.2222222222222222,0.0,0.9952574156360643,0.01017989417989418,0.011473544973544976,0.6,0.7
AP890626-0240,181,0.05555555555555555,0.02564102564102564,0.13253012048192772,0.05263157894736842,0.994013244088893,0.0,0.02,0.0,0.1
AP890626-0240,160,0.0,0.0,0.0,0.0,0.9941302744043264,0.0,0.019230769230769232,0.0,0.1
AP890202-0029,190,0.125,0.125,0.1724137931034483,0.0,0.9919616397714279,0.0,0.0,0.0,0.0
AP880226-0015,200,0.0,0.0,0.0,0.0,0.9863106802493555,0.0,0.20267602767602766,0.0,0.9
AP890127-0050,152,0.0,0.0,0.0,0.0,0.9894807567356477,0.0,0.008360128617363344,0.0,0.4
AP891130-0175,189,0.0,0.0,0.0,0.0,0.9943634445900008,0.004796998164345103,0.006585861857970702,0.6,0.8
AP890107-0063,151,0.0,0.0,0.0,0.1111111111111111,0.9971158606455922,0.01145833333333333,0.07604166666666666,0.3,0.7
AP890407-0256,167,0.0625,0.01515151515151515,0.09836065573770492,0.0,0.9897718033132928,0.0,0.030000000000000002,0.0,0.3
AP890407-0256,187,0.0,0.0,0.0,0.0,0.9906793185710921,0.008746355685131194,0.0060090702947845805,0.2,0.3
AP891208-0225,169,0.0,0.0,0.0,0.0,0.9912579546648909,0.0,0.03645833333333333,0.0,0.2
AP880825-0156,118,0.0,0.0,0.0,0.0,0.9927255511639844,0.01451018117684784,0.006102693602693603,0.4,0.3
AP880825-0156,120,0.0,0.0,0.0,0.0,0.991723001516071,0.0,0.0,0.0,0.0
AP880825-0156,119,0.0,0.0,0.0,0.0,0.9916935498800439,0.009762900976290099,0.013966925682406853,0.3,0.5
AP880702-0133,144,0.0,0.0,0.0,0.0,0.9886242686713186,0.0,0.003401360544217687,0.0,0.1
AP890123-0224,144,0.3333333333333333,0.375,0.3225806451612903,0.0,0.9921512738966276,0.03134920634920634,0.003401360544217687,0.4,0.1
AP890608-0152,161,0.0,0.0,0.0,0.0,0.9939948020089457,0.04786967418546366,0.06281477503282015,0.7,0.9
AP880629-0144,197,0.0,0.0,0.0,0.0,0.9916772769823007,0.026455026455026454,0.02040816326530612,0.2,0.2
AP880629-0144,199,0.0,0.0,0.0,0.0,0.9911204064337977,0.0,0.0,0.0,0.0
AP880629-0144,125,0.0,0.0,0.0,0.0,0.9903245969429303,0.0,0.07368421052631578,0.0,0.7
AP880908-0188,161,0.5,0.125,0.08064516129032258,0.1111111111111111,0.9953303268128575,0.07518796992481203,0.06281477503282015,1.0,0.9
AP890803-0059,132,0.0,0.0,0.0,0.0,0.9906229039526186,0.020072992700729927,0.06496350364963505,0.3,0.9
AP880325-0237,165,0.16666666666666666,0.08333333333333333,0.15,0.0,0.9917588233240386,0.0,0.12866666666666668,0.0,0.4
AP880513-0101,113,0.25,0.0625,0.10344827586206896,0.0,0.9951926327673718,0.0,0.003125,0.0,0.1
AP880513-0101,101,0.0,0.0,0.0,0.0,0.9938179472707159,0.0,0.04673721340388007,0.0,0.3
AP880513-0101,102,0.0,0.0,0.0,0.0,0.9947385954511148,0.0,0.19104010025062654,0.0,0.6
AP880513-0101,114,0.25,0.0625,0.10344827586206896,0.0,0.9937426701386142,0.005871725383920506,0.0,0.2,0.0
AP891009-0097,198,0.0,0.0,0.0,0.0,0.9918950055242832,0.02631578947368421,0.06765873015873015,0.2,0.8
AP891009-0097,124,0.2,0.125,0.1780821917808219,0.0,0.991617365694098,0.05172413793103448,0.0827175697865353,0.3,0.6
AP890512-0173,101,0.2222222222222222,0.07619047619047618,0.14285714285714285,0.05263157894736842,0.9964261575486882,0.0940623162845385,0.04673721340388007,0.4,0.3
AP890703-0137,157,0.0,0.0,0.0,0.0,0.9948266500248185,0.0,0.30416666666666664,0.0,0.7
AP880920-0044,166,0.0,0.0,0.0,0.1111111111111111,0.9964406704380825,0.3242690058479532,0.21929824561403505,0.7,0.5
AP880920-0044,186,0.0,0.0,0.0,0.0,0.9932058906665842,0.0,0.023255813953488372,0.0,0.1
AP880920-0044,191,0.0,0.0,0.0,0.0,0.9932517695335186,0.0,0.003937007874015748,0.0,0.1
AP890405-0035,153,0.25,0.06481481481481481,0.14285714285714285,0.0,0.9928024712918186,0.0,0.12963320463320463,0.0,0.6
AP881118-0110,140,0.0,0.0,0.0,0.0,0.9913708447169564,0.0,0.027999999999999997,0.0,0.2
AP881118-0110,130,0.0,0.0,0.0,0.0,0.9916546119027407,0.0,0.012922932330827069,0.0,0.6
AP890727-0011,167,0.0,0.0,0.0,0.0,0.9950570010503593,0.016666666666666666,0.030000000000000002,0.1,0.3
AP890414-0086,152,0.0,0.0,0.0,0.0,0.989945564282177,0.006951462256928494,0.008360128617363344,0.4,0.4
AP880809-0056,163,0.0,0.0,0.0,0.0,0.9893698856501089,0.0,0.1282051282051282,0.0,1.0
AP880809-0056,167,0.0625,0.045454545454545456,0.125,0.0,0.9942650779454902,0.0,0.030000000000000002,0.0,0.3
AP881123-0283,162,0.5,0.08333333333333333,0.05,0.0,0.9943846036915756,0.02462121212121212,0.013257575757575756,0.3,0.2
AP891215-0107,152,0.1111111111111111,0.04,0.09876543209876543,0.0,0.9908665422268796,0.028938906752411574,0.008360128617363344,0.9,0.4
AP880225-0196,189,0.0,0.0,0.0,0.0,0.9932117737085818,0.001417233560090703,0.006585861857970702,0.2,0.8
AP890308-0225,155,0.0,0.0,0.0,0.0,0.9893659346005502,0.0,0.0,0.0,0.0
AP881119-0060,144,0.0,0.0,0.0,0.0,0.9860089079683082,0.0,0.003401360544217687,0.0,0.1
AP880827-0141,183,0.0,0.0,0.0,0.0,0.9892329504102921,0.0,0.16393442622950818,0.0,1.0
AP890202-0234,176,0.0,0.0,0.0,0.0,0.9935828433016765,0.007142857142857143,0.028511904761904763,0.1,0.6
AP891104-0005,146,0.0,0.0,0.0,0.0,0.9964179054242124,0.02266989087301587,0.018368055555555558,0.8,0.8
AP881206-0121,137,0.0,0.0,0.0,0.0,0.9938275971519835,0.04638447971781305,0.12427983539094649,0.5,0.8
AP880421-0310,195,0.25,0.21428571428571427,0.2916666666666667,0.0,0.9939861091079631,0.0038377192982456134,0.0,0.2,0.0
AP880220-0009,181,0.0,0.0,0.0,0.0,0.9921746231295947,0.0,0.02,0.0,0.1
AP881027-0126,153,0.25,0.13888888888888887,0.2153846153846154,0.1111111111111111,0.9949143382553685,0.0,0.12963320463320463,0.0,0.6
AP890925-0191,188,0.0,0.0,0.0,0.0,0.9941969291324634,0.014925373134328358,0.1293117744610282,0.1,0.9
AP890107-0088,146,0.0,0.0,0.0,0.0,0.9948823289643419,0.012488839285714284,0.018368055555555558,0.7,0.8
AP881129-0210,155,0.0,0.0,0.0,0.0,0.9930641864878214,0.0,0.0,0.0,0.0
AP881129-0210,145,0.16666666666666666,0.08333333333333333,0.12121212121212122,0.05263157894736842,0.9940404350535946,0.07399059947603637,0.07218369548466635,0.8,0.8
AP891130-0220,187,0.0,0.0,0.0,0.0,0.9952193527877636,0.0006802721088435375,0.0060090702947845805,0.1,0.3
AP891223-0097,189,0.0,0.0,0.0,0.0,0.9949576134842933,0.00037792894935752074,0.006585861857970702,0.1,0.8
AP890430-0036,108,0.3333333333333333,0.06666666666666667,0.07246376811594203,0.0,0.9959526858382968,0.017375886524822696,0.0070921985815602835,0.3,0.2
AP890430-0036,141,0.2,0.4,0.391304347826087,0.1111111111111111,0.9954761632089086,0.0,0.007575757575757575,0.0,0.1
AP880428-0135,148,0.0,0.0,0.0,0.0,0.9943632033577211,0.004393939393939394,0.018506493506493506,0.3,0.5
AP880428-0135,182,0.16666666666666666,0.05555555555555555,0.12903225806451613,0.0,0.9940377153576302,0.0,0.13469932844932841,0.0,0.8
AP891219-0099,185,0.16666666666666666,0.05555555555555555,0.09722222222222222,0.0,0.9954644638690637,0.07210506424792139,0.07428571428571429,0.9,0.8
AP891219-0099,103,0.5,0.08333333333333333,0.09722222222222222,0.0,0.9952153923057412,0.08560606060606062,0.0391053391053391,0.7,0.5
AP890404-0141,137,0.0,0.0,0.0,0.0,0.9904781874948967,0.0,0.12427983539094649,0.0,0.8
AP890404-0141,192,0.6666666666666666,0.2619047619047619,0.22727272727272727,0.0,0.9955327153583314,0.0029795158286778397,0.026429901569566375,0.2,0.6
AP890404-0141,154,0.5,0.25,0.1590909090909091,0.0,0.9954942490497938,0.008492063492063492,0.011473544973544976,0.5,0.7
AP891124-0188,142,0.0,0.0,0.0,0.0,0.9869476891047555,0.004712301587301587,0.007227891156462584,0.3,0.3
AP891124-0188,143,0.0,0.0,0.0,0.0,0.9831599941871022,0.0,0.00390625,0.0,0.1
AP880312-0006,142,0.0,0.0,0.0,0.0,0.9898007729787726,0.005952380952380952,0.007227891156462584,0.2,0.3
AP880312-0006,143,0.0,0.0,0.0,0.0,0.9888435166025674,0.021344866071428572,0.00390625,0.6,0.1
AP891208-0058,126,0.0,0.0,0.0,0.0,0.9917308023786019,0.0,0.01979565772669221,0.0,0.4
AP890505-0258,187,0.0,0.0,0.0,0.0,0.9917936106977079,0.02312925170068027,0.0060090702947845805,0.4,0.3
AP891211-0031,144,0.16666666666666666,0.03125,0.07017543859649122,0.0,0.9903121056420611,0.0,0.003401360544217687,0.0,0.1
AP890626-0132,154,0.5,0.5,0.14583333333333334,0.0,0.993037838561184,0.01417283950617284,0.011473544973544976,0.8,0.7
AP890211-0142,121,0.0,0.0,0.0,0.0,0.9900709337906038,0.020833333333333332,0.0,0.1,0.0
AP890525-0147,174,0.0,0.0,0.0,0.0,0.9936603095644039,0.002008032128514056,0.10266303308471983,0.1,0.9
AP890525-0147,192,0.6666666666666666,0.27777777777777773,0.2222222222222222,0.05263157894736842,0.994935881690565,0.0,0.026429901569566375,0.0,0.6
AP890525-0147,154,0.5,0.16666666666666666,0.1111111111111111,0.0,0.9935099135954965,0.0020423280423280425,0.011473544973544976,0.3,0.7
AP880706-0299,157,0.0,0.0,0.0,0.0,0.992248697704068,0.0,0.30416666666666664,0.0,0.7
AP891130-0014,101,0.1111111111111111,0.047619047619047616,0.1,0.0,0.9922252086451788,0.0,0.04673721340388007,0.0,0.3
AP880325-0087,176,0.0,0.0,0.0,0.0,0.9937839422362905,0.007142857142857143,0.028511904761904763,0.1,0.6
AP890128-0016,150,0.0,0.0,0.0,0.0,0.9841137989931035,0.0,0.0423728813559322,0.0,1.0
AP891023-0111,193,0.0,0.0,0.0,0.0,0.9918434919643816,0.04672619047619047,0.08333333333333333,0.7,1.0
AP881026-0117,193,0.0,0.0,0.0,0.0,0.9912211072723136,0.0,0.08333333333333333,0.0,1.0
AP880627-0153,142,0.125,0.08333333333333333,0.15384615384615385,0.0,0.9929616477637497,0.019540107709750565,0.007227891156462584,0.7,0.3
AP881116-0010,159,0.0,0.0,0.0,0.0,0.990643893625569,0.0,0.55,0.0,0.3
AP880916-0032,179,0.16666666666666666,0.06666666666666667,0.10294117647058823,0.0,0.9917398873368601,0.0,0.029268292682926828,0.0,0.2
AP880916-0032,142,0.0,0.0,0.0,0.0,0.9943556872174848,0.003720238095238095,0.007227891156462584,0.2,0.3
AP881204-0007,119,0.0,0.0,0.0,0.0,0.9916674852241546,0.0,0.013966925682406853,0.0,0.5
AP890719-0025,163,0.6,0.525,0.3333333333333333,0.5384615384615384,0.9993040013425505,0.1282051282051282,0.1282051282051282,1.0,1.0
AP890719-0025,123,0.0,0.0,0.0,0.0,0.9912068062803118,0.025170068027210883,0.04104308390022675,0.3,0.4
AP880421-0166,188,0.0,0.0,0.0,0.0,0.9949096306803127,0.0,0.1293117744610282,0.0,0.9
AP880530-0182,194,0.0,0.0,0.0,0.0,0.9944304432060486,0.0,0.0018796992481203006,0.0,0.1
AP890728-0157,114,0.5,0.20833333333333331,0.22857142857142856,0.1111111111111111,0.9963716184766539,0.006775067750677506,0.0,0.3,0.0
AP890419-0139,188,0.0,0.0,0.0,0.0,0.989128915063092,0.0,0.1293117744610282,0.0,0.9
AP880608-0215,164,0.16666666666666666,0.06666666666666667,0.12,0.0,0.9898785171912695,0.0,0.08940242763772176,0.0,0.5
AP890202-0227,159,0.3333333333333333,0.1111111111111111,0.11428571428571428,0.0,0.9920970839191658,0.0,0.55,0.0,0.3
AP890422-0040,192,0.3333333333333333,0.16666666666666666,0.14035087719298245,0.0,0.9940068176963719,0.03747893943424669,0.026429901569566375,0.8,0.6
AP890422-0040,154,0.0,0.0,0.0,0.05263157894736842,0.9938320731274465,0.01591358024691358,0.011473544973544976,0.8,0.7
AP880823-0204,162,0.0,0.0,0.0,0.0,0.994153116238828,0.002840909090909091,0.013257575757575756,0.1,0.2
AP890523-0136,166,0.0,0.0,0.0,0.0,0.9936431594786311,0.0,0.21929824561403505,0.0,0.5
AP890729-0052,192,0.3333333333333333,0.1111111111111111,0.11363636363636363,0.0,0.9931832918739134,0.0,0.026429901569566375,0.0,0.6
AP890729-0052,154,0.5,0.16666666666666666,0.11363636363636363,0.0,0.9925251174681105,0.01812081128747795,0.011473544973544976,0.9,0.7
AP880914-0112,155,0.16666666666666666,0.25,0.15384615384615385,0.0,0.9932296764816638,0.0,0.0,0.0,0.0
AP880502-0077,130,0.16666666666666666,0.03571428571428571,0.0625,0.0,0.9941988425404221,0.019322612085769977,0.012922932330827069,0.6,0.6
AP880502-0077,145,0.16666666666666666,0.0625,0.109375,0.0,0.9927675412686784,0.009708737864077669,0.07218369548466635,0.1,0.8
AP890518-0144,140,0.0,0.0,0.0,0.0,0.9906175709698893,0.0,0.027999999999999997,0.0,0.2
AP891127-0132,148,0.0,0.0,0.0,0.0,0.9936354906405225,0.03797438672438672,0.018506493506493506,0.9,0.5
AP890927-0033,119,0.0,0.0,0.0,0.0,0.9934370959147187,0.0041841004184100415,0.013966925682406853,0.1,0.5
AP891108-0155,179,0.0,0.0,0.0,0.0,0.9929559859985675,0.0,0.029268292682926828,0.0,0.2
AP891120-0176,139,0.25,0.21428571428571427,0.28,0.05263157894736842,0.9967400892482864,0.02127659574468085,0.005319148936170213,0.1,0.1
AP881001-0081,150,0.25,0.08333333333333333,0.09782608695652174,0.0,0.9849544433646547,0.0,0.0423728813559322,0.0,1.0
AP881111-0167,163,0.8,1.0,0.5238095238095238,0.42857142857142855,0.998721341842199,0.1282051282051282,0.1282051282051282,1.0,1.0
AP881121-0106,199,0.0,0.0,0.0,0.0,0.9931840600061608,0.0,0.0,0.0,0.0
AP880823-0008,116,0.0,0.0,0.0,0.0,0.9882608273379943,0.0,0.0,0.0,0.0
AP880320-0047,126,0.2,0.25,0.18,0.0,0.9947461544147381,0.0,0.01979565772669221,0.0,0.4
AP880802-0073,178,0.5,0.5,0.20689655172413793,0.05263157894736842,0.9925387956400434,0.0,0.01111111111111111,0.0,0.1
AP880414-0285,195,0.25,0.04897959183673469,0.1568627450980392,0.0,0.9929668785860423,0.03179824561403508,0.0,0.5,0.0
AP880718-0115,147,0.0,0.0,0.0,0.0,0.9868705128675888,0.00423728813559322,0.018361581920903952,0.1,0.3
AP880420-0181,127,0.2,0.03125,0.08333333333333333,0.0,0.9940350464679266,0.013535353535353536,0.00808080808080808,0.4,0.2
AP880711-0175,172,0.0,0.0,0.0,0.0,0.9907343938331135,0.0,0.025,0.0,0.1
AP880711-0175,191,0.0,0.0,0.0,0.0,0.9929956165079005,0.0,0.003937007874015748,0.0,0.1
AP891212-0051,184,0.0,0.0,0.0,0.0,0.990706052957073,0.0,0.06150793650793651,0.0,0.5
AP890629-0030,106,0.0,0.0,0.0,0.0,0.9931193290642916,0.02127659574468085,0.07109929078014185,0.1,0.5
AP880313-0097,187,0.16666666666666666,0.027777777777777776,0.07692307692307693,0.0,0.9926223099360687,0.0,0.0060090702947845805,0.0,0.3
AP880324-0305,172,0.0,0.0,0.0,0.0,0.9918180567628692,0.0,0.025,0.0,0.1
AP880324-0305,173,0.5,0.5,0.1875,0.0,0.9936967615120758,0.04926108374384237,0.043295019157088124,1.0,0.9
AP880723-0185,169,0.2,0.08333333333333333,0.14285714285714285,0.0,0.9899124421070853,0.0,0.03645833333333333,0.0,0.2
AP890802-0190,189,0.0,0.0,0.0,0.0,0.99301671742783,0.0011337868480725624,0.006585861857970702,0.1,0.8
AP890403-0101,153,0.125,0.16666666666666666,0.23232323232323232,0.0,0.9913969904672342,0.0,0.12963320463320463,0.0,0.6
AP890403-0101,193,0.0,0.0,0.0,0.0,0.9852393185195936,0.0,0.08333333333333333,0.0,1.0
AP890403-0101,181,0.0,0.0,0.0,0.0,0.9895981647190377,0.0,0.02,0.0,0.1
AP890403-0101,147,0.0,0.0,0.0,0.0,0.9859326666365366,0.0,0.018361581920903952,0.0,0.3
AP880811-0157,156,0.0,0.0,0.0,0.0,0.9911979424183704,0.0,0.020329485329485326,0.0,0.8
AP881206-0088,189,0.25,0.06666666666666667,0.09259259259259259,0.05263157894736842,0.9927935276835672,0.006894503833279345,0.006585861857970702,0.7,0.8
AP880220-0125,114,0.25,0.125,0.0967741935483871,0.05263157894736842,0.99425676662016,0.0,0.0,0.0,0.0
AP880531-0026,127,0.0,0.0,0.0,0.0,0.9964192833560607,0.0006060606060606061,0.00808080808080808,0.1,0.2
AP891229-0186,147,0.16666666666666666,0.041666666666666664,0.08771929824561403,0.0,0.993307835459221,0.028288942695722356,0.018361581920903952,0.5,0.3
AP880310-0226,189,0.0,0.0,0.0,0.0,0.9941433616773647,0.0011337868480725624,0.006585861857970702,0.1,0.8
AP880803-0103,110,0.25,0.20370370370370372,0.29464285714285715,0.0,0.9908337638272721,0.013910422049956933,0.010071367048111233,0.6,0.6
AP890104-0157,119,0.0,0.0,0.0,0.0,0.991289625050202,0.004233911137676828,0.013966925682406853,0.3,0.5
AP890311-0159,167,0.0625,0.012987012987012986,0.07352941176470588,0.0,0.9882981594036596,0.0,0.030000000000000002,0.0,0.3
AP890311-0159,187,0.0,0.0,0.0,0.0,0.9896745173815884,0.0022675736961451248,0.0060090702947845805,0.1,0.3
AP880326-0137,194,0.0,0.0,0.0,0.0,0.987599252290033,0.0,0.0018796992481203006,0.0,0.1
AP891212-0076,113,0.5,0.3055555555555556,0.26666666666666666,0.05263157894736842,0.9955738933717245,0.0,0.003125,0.0,0.1
AP891212-0076,114,0.25,0.25,0.2,0.0,0.993928517369151,0.05032907471931861,0.0,0.7,0.0
AP881104-0104,111,0.5,0.125,0.12,0.0,0.9916497790597976,0.033482142857142856,0.08928571428571429,0.5,1.0
AP890202-0004,110,0.125,0.027777777777777776,0.1,0.0,0.9941272618932446,0.004651162790697674,0.010071367048111233,0.3,0.6
AP890414-0017,154,0.5,0.5,0.2625,0.0,0.9953575147062919,0.00871604938271605,0.011473544973544976,0.6,0.7
AP881027-0186,144,0.3333333333333333,0.41666666666666663,0.3132530120481928,0.0,0.9915497655113178,0.03571428571428571,0.003401360544217687,0.2,0.1
AP880601-0222,130,0.0,0.0,0.0,0.0,0.9934528200919551,0.00992063492063492,0.012922932330827069,0.4,0.6
AP880610-0043,118,0.0,0.0,0.0,0.05263157894736842,0.9940467148073701,0.0077861952861952854,0.006102693602693603,0.3,0.3
AP880610-0043,119,0.0,0.0,0.0,0.0,0.9929446634510574,0.012970711297071131,0.013966925682406853,0.4,0.5
AP880413-0234,199,0.0,0.0,0.0,0.0,0.9937150209756836,0.0,0.0,0.0,0.0
AP880713-0031,199,0.0,0.0,0.0,0.0,0.9908700068132947,0.0,0.0,0.0,0.0
AP880713-0031,185,0.0,0.0,0.0,0.0,0.988214239699973,0.0,0.07428571428571429,0.0,0.8
AP880713-0031,103,0.0,0.0,0.0,0.0,0.9889055802561643,0.0,0.0391053391053391,0.0,0.5
AP880713-0031,156,0.0,0.0,0.0,0.0,0.9911721060297519,0.0030303030303030303,0.020329485329485326,0.1,0.8
AP880411-0049,189,0.0,0.0,0.0,0.0,0.9893117611738237,0.0,0.006585861857970702,0.0,0.8
AP880223-0026,150,0.25,0.06666666666666667,0.09433962264150944,0.0,0.9756680522870245,0.007062146892655366,0.0423728813559322,0.3,1.0
AP890704-0109,110,0.25,0.20833333333333334,0.25,0.0,0.9951618889028966,0.004183585578934415,0.010071367048111233,0.3,0.6
AP890522-0296,139,0.125,0.047619047619047616,0.1016949152542373,0.0,0.993850275260105,0.0,0.005319148936170213,0.0,0.1
AP890522-0296,140,0.4,0.13333333333333333,0.1694915254237288,0.05263157894736842,0.9957534097501133,0.02,0.027999999999999997,0.1,0.2
AP890522-0296,155,0.3333333333333333,0.09166666666666667,0.15254237288135594,0.25,0.9965961019069155,0.0,0.0,0.0,0.0
AP881020-0180,178,0.0,0.0,0.0,0.0,0.9904555500540112,0.0,0.01111111111111111,0.0,0.1
AP880801-0121,180,0.0,0.0,0.0,0.05263157894736842,0.9963265181330813,0.010077519379844961,0.018604651162790697,0.3,0.4
AP881209-0034,160,0.0,0.0,0.0,0.0,0.9867094837461396,0.0,0.019230769230769232,0.0,0.1
AP891214-0098,197,0.0,0.0,0.0,0.0,0.9947830322971879,0.0,0.02040816326530612,0.0,0.2
AP891214-0098,193,0.0,0.0,0.0,0.0,0.9909144122405984,0.0,0.08333333333333333,0.0,1.0
AP891214-0098,151,0.0,0.0,0.0,0.0,0.992693704234405,0.0,0.07604166666666666,0.0,0.7
AP891021-0077,156,0.16666666666666666,0.06666666666666667,0.1111111111111111,0.0,0.9917035415218507,0.0,0.020329485329485326,0.0,0.8
AP881024-0053,189,0.0,0.0,0.0,0.0,0.9944302012601279,0.001417233560090703,0.006585861857970702,0.2,0.8
AP890901-0017,194,0.0,0.0,0.0,0.0,0.9922823213708484,0.0,0.0018796992481203006,0.0,0.1
AP880603-0173,172,0.0,0.0,0.0,0.0,0.9928277407551814,0.0,0.025,0.0,0.1
AP880603-0173,165,0.3333333333333333,0.3055555555555556,0.28888888888888886,0.0,0.993664000952196,0.0,0.12866666666666668,0.0,0.4
AP880603-0173,173,0.5,0.1,0.08888888888888889,0.05263157894736842,0.9939818551667683,0.04115450778012354,0.043295019157088124,0.9,0.9
AP880603-0173,125,0.2,0.05,0.08888888888888889,0.0,0.9942327477497818,0.031578947368421054,0.07368421052631578,0.4,0.7
AP890904-0045,199,0.0,0.0,0.0,0.0,0.9932252987444471,0.0,0.0,0.0,0.0
AP890904-0045,126,0.2,0.041666666666666664,0.06666666666666667,0.05263157894736842,0.9930021596903531,0.007662835249042145,0.01979565772669221,0.2,0.4
AP880622-0316,184,0.5,0.29166666666666663,0.22916666666666666,0.05263157894736842,0.9946953800339998,0.0,0.06150793650793651,0.0,0.5
AP880630-0145,149,0.0,0.0,0.0,0.0,0.9945723925595941,0.0,0.04145408163265306,0.0,0.3
AP890918-0032,195,0.125,0.028571428571428574,0.08333333333333333,0.0,0.9902030087046465,0.0,0.0,0.0,0.0
AP891122-0068,178,0.0,0.0,0.0,0.0,0.9944932673002375,0.0,0.01111111111111111,0.0,0.1
AP890205-0052,110,0.125,0.16666666666666666,0.16981132075471697,0.0,0.9941783406107605,0.003229974160206718,0.010071367048111233,0.2,0.6
AP890205-0052,180,0.2,0.05555555555555555,0.09433962264150944,0.17647058823529413,0.9966502627896154,0.012919896640826873,0.018604651162790697,0.3,0.4
AP880613-0034,157,0.0,0.0,0.0,0.0,0.9926244088279488,0.0,0.30416666666666664,0.0,0.7
AP890419-0092,113,0.0,0.0,0.0,0.0,0.991486510608227,0.0,0.003125,0.0,0.1
AP890419-0092,191,0.0,0.0,0.0,0.0,0.9950573212850353,0.023097112860892388,0.003937007874015748,0.4,0.1
AP880521-0028,133,0.0,0.0,0.0,0.0,0.9936973154709056,0.0,0.5213675213675214,0.0,0.7
AP880221-0034,166,0.0,0.0,0.0,0.0,0.9915455920428834,0.0,0.21929824561403505,0.0,0.5
AP890916-0040,162,0.0,0.0,0.0,0.0,0.9937515240953448,0.0,0.013257575757575756,0.0,0.2
AP880606-0073,151,0.0,0.0,0.0,0.0,0.9924497262953602,0.0,0.07604166666666666,0.0,0.7
AP890531-0230,155,0.16666666666666666,0.03125,0.06578947368421052,0.0,0.9933551095951614,0.0,0.0,0.0,0.0
AP880728-0157,148,0.16666666666666666,0.3333333333333333,0.14634146341463414,0.05263157894736842,0.9937026281911572,0.0011363636363636363,0.018506493506493506,0.1,0.5
AP890226-0022,166,0.2,0.027777777777777776,0.06779661016949153,0.0,0.9923559317031095,0.0,0.21929824561403505,0.0,0.5
AP880409-0174,144,0.0,0.0,0.0,0.0,0.9909106011879901,0.0,0.003401360544217687,0.0,0.1
AP880423-0081,185,0.0,0.0,0.0,0.1111111111111111,0.9950163731901486,0.0625283446712018,0.07428571428571429,0.7,0.8
AP880423-0081,103,0.0,0.0,0.0,0.0,0.993962499083085,0.08268398268398268,0.0391053391053391,0.6,0.5
AP880421-0011,118,0.5,0.0625,0.08,0.05263157894736842,0.9945755045957804,0.0029461279461279457,0.006102693602693603,0.2,0.3
AP880421-0011,138,0.0,0.0,0.0,0.0,0.9938476967677781,0.0,0.002777777777777778,0.0,0.1
AP880421-0011,119,0.25,0.041666666666666664,0.08,0.0,0.9935243899004234,0.0041841004184100415,0.013966925682406853,0.1,0.5
AP891020-0231,159,0.0,0.0,0.0,0.0,0.9893233566307301,0.0,0.55,0.0,0.3
AP890817-0039,154,0.0,0.0,0.0,0.0,0.9925615810488455,0.009790123456790123,0.011473544973544976,0.6,0.7
AP890325-0114,150,0.25,0.3333333333333333,0.18181818181818182,0.0,0.9929490546365285,0.018820621468926553,0.0423728813559322,0.6,1.0
AP880510-0175,138,0.0,0.0,0.0,0.0,0.9915859236620277,0.0,0.002777777777777778,0.0,0.1
AP891108-0064,172,0.0,0.0,0.0,0.0,0.994063816169722,0.0,0.025,0.0,0.1
AP891108-0064,173,0.5,0.5,0.19230769230769232,0.05263157894736842,0.9946317662725817,0.008210180623973726,0.043295019157088124,0.2,0.9
AP890810-0212,165,0.3333333333333333,0.1875,0.23529411764705882,0.0,0.9935712492833679,0.0,0.12866666666666668,0.0,0.4
AP891104-0133,195,0.125,0.07142857142857142,0.14814814814814814,0.0,0.9948183401561882,0.047726086048454464,0.0,0.8,0.0
AP891104-0133,105,0.0,0.0,0.0,0.0,0.9870552106229846,0.01038961038961039,0.0,0.2,0.0
AP890720-0241,190,0.0,0.0,0.0,0.0,0.9942247844479967,0.0,0.0,0.0,0.0
AP890720-0241,106,0.4,0.12222222222222223,0.13793103448275862,0.0,0.9945861406246153,0.10407801418439715,0.07109929078014185,0.6,0.5
AP890816-0057,192,0.6666666666666666,0.25,0.2077922077922078,0.0,0.9960242289789113,0.006052141527001862,0.026429901569566375,0.3,0.6
AP890816-0057,154,0.5,0.25,0.12987012987012986,0.0,0.9947031046718905,0.017565255731922396,0.011473544973544976,0.9,0.7
AP880618-0079,181,0.0,0.0,0.0,0.0,0.9885301048263938,0.0,0.02,0.0,0.1
AP880216-0127,127,0.0,0.0,0.0,0.0,0.9932339834795895,0.007070707070707069,0.00808080808080808,0.2,0.2
AP880216-0127,111,0.5,0.16666666666666666,0.13131313131313133,0.0,0.9930986689714183,0.0,0.08928571428571429,0.0,1.0
AP880418-0006,130,0.0,0.0,0.0,0.0,0.9945033197522953,0.024305555555555556,0.012922932330827069,0.7,0.6
AP880318-0173,115,0.16666666666666666,0.041666666666666664,0.09433962264150944,0.0,0.9947083001642186,0.020675105485232066,0.0,0.3,0.0
AP880706-0138,137,0.0,0.0,0.0,0.0,0.9910459335453291,0.0,0.12427983539094649,0.0,0.8
AP880706-0138,187,0.0,0.0,0.0,0.0,0.9934073074226688,0.0,0.0060090702947845805,0.0,0.3
AP880302-0232,180,0.0,0.0,0.0,0.05263157894736842,0.9944389958928893,0.007751937984496124,0.018604651162790697,0.1,0.4
AP890416-0082,192,0.6666666666666666,0.6666666666666666,0.3684210526315789,0.0,0.9961613136146966,0.039341136827170345,0.026429901569566375,0.8,0.6
AP880920-0161,146,0.0,0.0,0.0,0.0,0.9914930487534906,0.0,0.018368055555555558,0.0,0.8
AP891119-0020,110,0.0,0.0,0.0,0.0,0.9959131732300651,0.020424715967351625,0.010071367048111233,0.9,0.6
AP890313-0100,130,0.0,0.0,0.0,0.0,0.9896513198689677,0.02412280701754386,0.012922932330827069,0.6,0.6
AP891229-0168,189,0.25,0.16666666666666666,0.109375,0.0,0.9942517486009619,0.0021541950113378684,0.006585861857970702,0.3,0.8
AP880929-0138,143,0.0,0.0,0.0,0.0,0.993202316445576,0.024383060515873016,0.00390625,0.7,0.1
AP880825-0236,108,0.3333333333333333,0.05555555555555555,0.07142857142857142,0.0,0.9958714007364289,0.02347180006754475,0.0070921985815602835,0.4,0.2
AP880825-0236,141,0.2,0.4,0.2857142857142857,0.0,0.9939957120862101,0.03257575757575757,0.007575757575757575,0.3,0.1
AP890711-0158,193,0.0,0.0,0.0,0.0,0.9925470263917765,0.06574074074074074,0.08333333333333333,0.8,1.0
AP880908-0152,194,0.0,0.0,0.0,0.0,0.9910195928497191,0.0,0.0018796992481203006,0.0,0.1
AP891107-0244,189,0.0,0.0,0.0,0.0,0.9945372082913102,0.0011337868480725624,0.006585861857970702,0.1,0.8
AP880420-0258,187,0.0,0.0,0.0,0.0,0.9934115377464792,0.0,0.0060090702947845805,0.0,0.3
AP880215-0223,134,0.0,0.0,0.0,0.0,0.9915780031898047,0.0,0.75,0.0,0.6
AP880215-0223,198,0.14285714285714285,0.03125,0.06741573033707865,0.05263157894736842,0.9936782177608653,0.007675438596491227,0.06765873015873015,0.2,0.8
AP880215-0223,135,0.14285714285714285,0.025,0.06741573033707865,0.0,0.9921605924853553,0.0033333333333333335,0.03166666666666667,0.1,0.3
AP881104-0070,199,0.0,0.0,0.0,0.0,0.9894506338972546,0.0,0.0,0.0,0.0
AP881029-0101,156,0.0,0.0,0.0,0.0,0.9911052277485899,0.0030303030303030303,0.020329485329485326,0.1,0.8
AP880226-0220,186,0.0,0.0,0.0,0.0,0.990417130542115,0.0,0.023255813953488372,0.0,0.1
AP880226-0220,185,0.16666666666666666,0.06666666666666667,0.08602150537634409,0.0,0.9911407982608342,0.009523809523809525,0.07428571428571429,0.1,0.8
AP880226-0220,103,0.5,0.1,0.08602150537634409,0.0,0.9910286011124785,0.0,0.0391053391053391,0.0,0.5
AP890817-0173,159,0.3333333333333333,0.3333333333333333,0.14285714285714285,0.0,0.9944617092543824,0.0,0.55,0.0,0.3
AP890227-0287,147,0.0,0.0,0.0,0.0,0.9910258356538935,0.021068738229755177,0.018361581920903952,0.4,0.3
AP880617-0289,142,0.0,0.0,0.0,0.0,0.9920686378973721,0.012282690854119423,0.007227891156462584,0.5,0.3
AP880617-0289,108,0.0,0.0,0.0,0.0,0.995796933727888,0.0017730496453900709,0.0070921985815602835,0.1,0.2
AP880617-0289,141,0.2,0.3,0.37037037037037035,0.05263157894736842,0.9945385482224437,0.0,0.007575757575757575,0.0,0.1
AP880726-0143,152,0.0,0.0,0.0,0.0,0.9922394726054568,0.0,0.008360128617363344,0.0,0.4
AP890703-0148,156,0.0,0.0,0.0,0.0,0.9909522748388995,0.0,0.020329485329485326,0.0,0.8
AP890301-0238,172,0.0,0.0,0.0,0.0,0.9949134678171927,0.0,0.025,0.0,0.1
AP890301-0238,173,0.5,0.5,0.19230769230769232,0.05263157894736842,0.9963438110049895,0.02910704511689733,0.043295019157088124,0.7,0.9
AP890301-0238,125,0.2,0.25,0.19230769230769232,0.05263157894736842,0.9959312304978376,0.006812865497076022,0.07368421052631578,0.3,0.7
AP880401-0284,189,0.0,0.0,0.0,0.0,0.9929439108518705,0.001927437641723356,0.006585861857970702,0.3,0.8
AP880421-0122,158,0.0,0.0,0.0,0.0,0.9820554296959614,0.0,0.0,0.0,0.0
AP880421-0122,156,0.0,0.0,0.0,0.0,0.9830073506010525,0.0,0.020329485329485326,0.0,0.8
AP891215-0105,134,0.0,0.0,0.0,0.0,0.9923453859943023,0.0,0.75,0.0,0.6
AP890524-0142,199,0.0,0.0,0.0,0.0,0.9953567530068114,0.0,0.0,0.0,0.0
AP880701-0042,188,0.0,0.0,0.0,0.0,0.9281401932709827,0.07036247334754797,0.1293117744610282,0.5,0.9
AP890308-0120,130,0.0,0.0,0.0,0.05263157894736842,0.9963276691148049,0.0314083820662768,0.012922932330827069,0.8,0.6
AP891113-0164,189,0.0,0.0,0.0,0.0,0.9935164565577589,0.0013605442176870747,0.006585861857970702,0.2,0.8
AP880614-0056,183,0.0,0.0,0.0,0.0,0.9910957414559801,0.01639344262295082,0.16393442622950818,0.1,1.0
AP880614-0056,165,0.16666666666666666,0.0625,0.125,0.0,0.9944680029665439,0.0,0.12866666666666668,0.0,0.4
AP890619-0215,192,0.6666666666666666,0.2619047619047619,0.17391304347826086,0.0,0.9953522270858427,0.013966480446927373,0.026429901569566375,0.4,0.6
AP891125-0082,129,0.0,0.0,0.0,0.0,0.9879338286827836,0.0,0.023952095808383235,0.0,0.4
AP891125-0082,149,0.0,0.0,0.0,0.0,0.9895422896431733,0.0,0.04145408163265306,0.0,0.3
AP891125-0082,114,0.0,0.0,0.0,0.0,0.9916025592339442,0.0530713640469738,0.0,0.7,0.0
AP880829-0248,141,0.3,0.29333333333333333,0.3291139240506329,0.25,0.9963892119857718,0.006493506493506493,0.007575757575757575,0.1,0.1
AP880310-0268,167,0.0,0.0,0.0,0.0,0.9918693342066629,0.0,0.030000000000000002,0.0,0.3
AP890126-0068,189,0.25,0.05555555555555555,0.05714285714285714,0.0,0.9876670246009716,0.0022675736961451248,0.006585861857970702,0.3,0.8
AP881213-0156,143,0.0,0.0,0.0,0.0,0.9839620185832334,0.021447172619047616,0.00390625,0.6,0.1
AP890621-0225,192,0.6666666666666666,0.4666666666666666,0.3263157894736842,0.1111111111111111,0.9963294057484177,0.0006983240223463687,0.026429901569566375,0.1,0.6
AP890621-0225,154,0.5,0.5,0.2631578947368421,0.05263157894736842,0.9951902230106193,0.00792063492063492,0.011473544973544976,0.6,0.7
AP890828-0248,195,0.25,0.11904761904761904,0.2222222222222222,0.0,0.9934442071857342,0.006578947368421052,0.0,0.1,0.0
AP890712-0145,189,0.0,0.0,0.0,0.0,0.9934722712333024,0.0011337868480725624,0.006585861857970702,0.1,0.8
AP890908-0081,151,0.0,0.0,0.0,0.0,0.9951000271952173,0.017499999999999998,0.07604166666666666,0.2,0.7
AP890919-0211,190,0.125,0.125,0.17333333333333334,0.0,0.9902330768807038,0.0,0.0,0.0,0.0
AP891220-0104,152,0.0,0.0,0.0,0.0,0.991717671272896,0.0,0.008360128617363344,0.0,0.4
AP890324-0215,197,0.0,0.0,0.0,0.0,0.9942682669313848,0.015873015873015872,0.02040816326530612,0.1,0.2
AP880604-0024,142,0.0,0.0,0.0,0.0,0.9930765889507955,0.008887235449735449,0.007227891156462584,0.5,0.3
AP880604-0024,143,0.0,0.0,0.0,0.0,0.9911134435505461,0.012090773809523808,0.00390625,0.5,0.1
AP881124-0125,110,0.5,0.42407407407407405,0.4090909090909091,0.0,0.993958735826169,0.021587506665026044,0.010071367048111233,0.9,0.6
AP890428-0011,143,0.0,0.0,0.0,0.0,0.9892883207426868,0.009765625,0.00390625,0.4,0.1
GX007-93-12310235,726,0.0,0.0,0.0,0.0,0.45764867400293724,0.0007017543859649123,0.031578947368421054,0.1,0.9
GX009-91-3983369,718,0.6666666666666666,0.6666666666666666,0.56,0.0,0.9828878755265031,0.0026066990815775256,0.009857605927297985,0.4,0.8
GX011-80-1074652,714,0.5,0.5,0.40540540540540543,0.0,0.8985160001849966,0.00234192037470726,0.05199063231850118,0.1,0.4
GX010-11-11242343,804,0.5,0.5,0.2878787878787879,0.0,0.9641050581530745,0.04152046783625731,0.013776106934001671,0.8,0.6
GX244-55-7689023,796,0.0,0.0,0.0,0.1111111111111111,0.9671180594348846,0.015616362631288003,0.01847311063728974,0.5,0.7
GX058-10-5669493,791,0.0,0.0,0.0,0.1111111111111111,0.9904155434499898,0.033783783783783786,0.07577220077220077,0.4,0.7
GX037-41-11641254,720,0.6666666666666666,0.6666666666666666,0.3125,0.0,0.9765001027124292,0.00338680926916221,0.0037433155080213907,0.3,0.4
GX244-07-12005999,788,0.0,0.0,0.0,0.05263157894736842,0.972803073292471,0.055944055944055944,0.04835997335997335,0.8,0.8
GX239-77-15534054,725,0.4,0.073015873015873,0.1232876712328767,0.0,0.8062964854214348,0.0034228541337546076,0.004079214624238321,0.2,0.3
GX162-40-16201712,716,0.0,0.0,0.0,0.0,0.8918690426119971,0.0,0.0030303030303030303,0.0,0.1
GX005-53-8274005,728,0.3333333333333333,0.1,0.10084033613445378,0.0,0.9639784451911145,0.0037325161087537325,0.013786080989051286,0.4,0.9
GX004-85-15927668,736,0.0,0.0,0.0,0.0,0.9639087714013795,0.0021141649048625794,0.021141649048625793,0.1,1.0
GX255-80-12989449,734,0.0,0.0,0.0,0.0,0.9431686701265308,0.009382716049382716,0.009561042524005487,0.4,0.6
GX012-07-7065390,748,0.3333333333333333,0.16666666666666666,0.12631578947368421,0.0,0.9461003148803231,0.001717032967032967,0.013770604395604394,0.2,0.6
GX056-58-7243426,839,0.6666666666666666,0.17777777777777778,0.25,0.05263157894736842,0.9681259258050414,0.022287522603978302,0.02661911459379814,0.7,0.8
GX002-31-7845435,744,0.0,0.0,0.0,0.0,0.9773477419176885,0.0,0.0,0.0,0.0
GX019-34-11505888,716,0.0,0.0,0.0,0.0,0.9580491610173723,0.07916666666666666,0.0030303030303030303,0.6,0.1
GX263-35-6742201,723,0.0,0.0,0.0,0.0,0.9138332845873263,0.0,0.06945900684432794,0.0,0.9
GX248-61-4740968,767,0.0,0.0,0.0,0.0,0.9154269538679023,0.001941747572815534,0.0058830328247803975,0.1,0.6
GX028-51-7031655,756,0.0,0.0,0.0,0.05263157894736842,0.9820809209104864,0.009259259259259259,0.013678451178451179,0.4,0.7
GX182-30-10232398,717,0.0,0.0,0.0,0.0,0.8597248953053973,0.0,0.0186219739292365,0.0,1.0
GX025-50-13449872,751,0.0,0.0,0.0,0.0,0.9468370798077618,0.0,0.023376623376623374,0.0,0.4
GX043-24-11458081,741,0.0,0.0,0.0,0.0,0.8851300928929218,0.010526315789473684,0.0,0.1,0.0
GX047-87-9197196,820,0.3333333333333333,0.041666666666666664,0.06060606060606061,0.0,0.9475602409195895,0.03028492367572827,0.0210727969348659,0.9,0.7
GX099-91-1066558,843,0.0,0.0,0.0,0.0,0.839364307864276,0.0,0.09523809523809523,0.0,0.6
GX051-11-11608435,757,0.0,0.0,0.0,0.0,0.9590341530276237,0.003150057273768614,0.007230813287514319,0.2,0.6
GX248-12-6205349,789,1.0,0.4761904761904762,0.33490566037735847,0.05263157894736842,0.9342896723509888,0.046948356807511735,0.012519561815336462,1.0,0.4
GX000-41-7085133,712,0.0,0.0,0.0,0.0,0.9287620795074716,0.0,0.024154589371980676,0.0,1.0
GX238-51-14158726,712,0.5,0.0625,0.075,0.17647058823529413,0.9779080350781495,0.012098382025918258,0.024154589371980676,0.7,1.0
GX010-22-12488512,756,0.0,0.0,0.0,0.05263157894736842,0.9784587737288422,0.025252525252525252,0.013678451178451179,1.0,0.7
GX013-29-16065442,749,0.0,0.0,0.0,0.0,0.4855302513127808,0.0,0.004139433551198257,0.0,0.2
GX039-61-13743625,756,0.0,0.0,0.0,0.0,0.9539443610176478,0.0,0.013678451178451179,0.0,0.7
GX038-08-1047355,759,0.0,0.0,0.0,0.0,0.9603007732497926,0.0,0.01672771672771673,0.0,0.3
GX241-06-4201661,736,0.0,0.0,0.0,0.0,0.9854591702400438,0.007955803886036445,0.021141649048625793,0.6,1.0
GX269-69-7323852,717,0.0,0.0,0.0,0.0,0.8929485239967084,0.0015518311607697081,0.0186219739292365,0.2,1.0
GX028-26-7874309,824,0.0,0.0,0.0,0.0,0.9401248297823055,0.024657534246575342,0.0207425527288541,0.9,0.9
GX039-10-5518006,832,0.6666666666666666,0.4166666666666667,0.2619047619047619,0.0,0.9536952039119717,0.006825952797931782,0.011753259388986182,0.6,0.8
GX095-39-11484782,713,0.0,0.0,0.0,0.05263157894736842,0.9417910372891671,0.0,0.001231284475965327,0.0,0.2
GX012-70-1701308,701,0.25,0.03125,0.06666666666666667,0.0,0.9664279875617917,0.0,0.008710801393728223,0.0,0.3
GX059-58-1690569,726,0.0,0.0,0.0,0.1111111111111111,0.9466917309726367,0.004093567251461988,0.031578947368421054,0.2,0.9
GX041-11-8127547,732,0.3333333333333333,0.16666666666666666,0.1388888888888889,0.0,0.8720110152964375,0.006598749710581153,0.014041959301278589,0.5,0.9
GX045-70-1117628,819,0.0,0.0,0.0,0.0,0.9281951262949316,0.0,0.0684931506849315,0.0,1.0
GX271-30-5088287,830,0.0,0.0,0.0,0.0,0.8745651838547008,0.0,0.003448275862068966,0.0,0.1
GX008-69-13596389,705,0.25,0.25,0.21875,0.0,0.9618442409343443,0.047238855622089154,0.015730443874156445,0.8,0.5
GX062-64-5997432,770,0.0,0.0,0.0,0.0,0.8956118078516088,0.006624605678233438,0.018739672525161483,0.4,0.7
GX181-71-0463042,799,0.0,0.0,0.0,0.0,0.8822762034923638,0.0,0.02062481043372763,0.0,0.5
GX237-83-3259184,754,0.3333333333333333,0.1111111111111111,0.09230769230769231,0.0,0.9492861449358737,0.003812056737588652,0.004343971631205674,0.3,0.4
GX249-32-15302501,794,0.0,0.0,0.0,0.0,0.8628123369994974,0.0,0.002008032128514056,0.0,0.1
GX268-52-2344040,706,0.25,0.027777777777777776,0.072,0.0,0.9024990836794466,0.0012296881862099253,0.006399397703745529,0.2,0.3
GX005-66-14275144,775,0.0,0.0,0.0,0.0,0.8936470482131562,0.011677598886901213,0.006016270551154272,0.7,0.5
GX042-57-4197908,824,0.0,0.0,0.0,0.05263157894736842,0.9581809572230356,0.0273972602739726,0.0207425527288541,1.0,0.9
GX253-15-11384719,710,0.3333333333333333,0.16666666666666666,0.12087912087912088,0.0,0.9399249150147131,0.0049382716049382715,0.023583720805943023,0.3,0.8
FT934-3952,352,0.0,0.0,0.0,0.0,0.995678239792649,0.020902697122209317,0.01951219512195122,0.8,0.6
FT934-3952,436,0.0,0.0,0.0,0.0,0.993060020756748,0.0,0.0,0.0,0.0
FT934-3952,363,0.3333333333333333,0.3333333333333333,0.3,0.0,0.9886861508429158,0.0,0.0763888888888889,0.0,0.2
FBIS3-39240,401,0.3333333333333333,0.06666666666666667,0.1,0.0,0.9932433180788101,0.007222222222222222,0.004,0.3,0.2
FBIS3-39240,362,0.0,0.0,0.0,0.0,0.9885427271113147,0.0,0.11858974358974358,0.0,0.5
FBIS3-40185,414,0.3333333333333333,0.3333333333333333,0.21739130434782608,0.0,0.9744998428866302,0.0,0.05811965811965812,0.0,0.3
FT941-10100,450,0.6666666666666666,0.5,0.25,0.25,0.9977677186398953,0.027830597540495147,0.02375805839969662,0.9,0.8
FT931-4409,389,0.0,0.0,0.0,0.0,0.9861022687826527,0.04066437571592211,0.0006443298969072165,0.8,0.1
LA010189-0141,436,0.0,0.0,0.0,0.0,0.9877028513587591,0.02037037037037037,0.0,0.4,0.0
FR940318-0-00101,338,0.0,0.0,0.0,0.0,0.9713225464741894,0.0,0.41666666666666663,0.0,0.2
LA060889-0033,637,0.0,0.0,0.0,0.0,0.9710190274611745,0.0,0.2535353535353535,0.0,0.7
FT934-5147,332,0.3333333333333333,0.16666666666666666,0.15584415584415584,0.0,0.9702885023061133,0.0,0.0,0.0,0.0
FBIS3-41598,357,0.0,0.0,0.0,0.0,0.9827643722431548,0.0,0.026522633744855965,0.0,0.8
FR940217-2-00013,399,0.0,0.0,0.0,0.0,0.9882880229167381,0.049019607843137254,0.004139433551198257,0.5,0.2
FR940217-2-00013,314,0.5,0.5,0.21311475409836064,0.0,0.9880547643357419,0.0,0.0,0.0,0.0
FR940217-2-00013,439,0.0,0.0,0.0,0.0,0.9874445724882802,0.0,0.0,0.0,0.0
FR940217-2-00013,304,0.3333333333333333,0.16666666666666666,0.14754098360655737,0.05263157894736842,0.9945983055415694,0.0015873015873015873,0.002976190476190476,0.2,0.2
FR940217-2-00013,355,0.0,0.0,0.0,0.0,0.9863595414965759,0.0,0.08615520282186948,0.0,0.5
FBIS3-22836,389,0.3333333333333333,0.037037037037037035,0.08163265306122448,0.0,0.9886038035001784,0.010309278350515464,0.0006443298969072165,0.2,0.1
FBIS3-22836,376,0.0,0.0,0.0,0.0,0.99186106964226,0.0,0.00980392156862745,0.0,0.1
LA100690-0107,350,0.25,0.05555555555555555,0.0847457627118644,0.17647058823529413,0.9960055741871965,0.10537464985994396,0.05119047619047619,0.8,0.5
FT923-8257,321,0.0,0.0,0.0,0.0,0.9942755659528847,0.0,0.014449917898193759,0.0,0.4
FT923-8257,356,0.3333333333333333,0.03333333333333333,0.06666666666666667,0.0,0.992282097263252,0.0,0.008403361344537815,0.0,0.1
LA050290-0059,427,0.0,0.0,0.0,0.0,0.9928868651042847,0.0,0.059682539682539684,0.0,0.5
LA050290-0059,370,0.3333333333333333,0.16666666666666666,0.19148936170212766,0.0,0.9889371651497221,0.00858371126228269,0.002976190476190476,0.5,0.1
LA050290-0059,333,0.3333333333333333,0.041666666666666664,0.06382978723404255,0.0,0.9934886872565155,0.0,0.07423687423687424,0.0,0.7
FBIS3-33282,446,0.5,0.1,0.125,0.0,0.9935182010807189,0.0006858710562414266,0.039368998628257885,0.1,0.8
FBIS3-33282,354,0.0,0.0,0.0,0.0,0.9938958412659538,0.002770083102493075,0.0004616805170821791,0.1,0.1
FT942-768,438,0.0,0.0,0.0,0.0,0.9830709423511448,0.011560693641618497,0.0058491604734379294,0.2,0.3
FT942-768,352,0.0,0.0,0.0,0.0,0.9846793798226198,0.0,0.01951219512195122,0.0,0.6
FT942-768,395,0.0,0.0,0.0,0.0,0.9810580226006901,0.002347417840375587,0.003923541247484909,0.1,0.3
FR940111-2-00031,366,0.0,0.0,0.0,0.0,0.983521648044797,0.010101010101010102,0.05968414301747634,0.1,0.7
LA061390-0077,382,0.0,0.0,0.0,0.0,0.9829831552206297,0.0,0.10858585858585858,0.0,0.5
LA061390-0077,407,0.0,0.0,0.0,0.0,0.9902666377475747,0.0,0.08027544351073763,0.0,0.7
LA061390-0077,641,0.0,0.0,0.0,0.05263157894736842,0.9964399318896027,0.006802721088435374,0.016885325558794944,0.1,0.3
LA061390-0077,670,0.0,0.0,0.0,0.0,0.9896473140259562,0.0,0.004629629629629629,0.0,0.1
FT931-11616,445,0.5,0.25,0.2,0.17647058823529413,0.9963329897216535,0.06451612903225806,0.10931899641577061,0.4,0.7
FT931-11616,621,0.2,0.08333333333333333,0.13333333333333333,0.05263157894736842,0.9943405491911519,0.0784313725490196,0.12857142857142856,0.4,0.7
FT931-11616,318,0.0,0.0,0.0,0.0,0.991246479651939,0.0,0.010324483775811208,0.0,0.2
LA111190-0027,362,0.0,0.0,0.0,0.0,0.9915205992756747,0.0,0.11858974358974358,0.0,0.5
FBIS3-48894,632,0.0,0.0,0.0,0.0,0.9932202453948948,0.0015649452269170577,0.07733065057008717,0.1,0.6
FBIS3-48894,357,0.0,0.0,0.0,0.0,0.9948752063014704,0.0,0.026522633744855965,0.0,0.8
FBIS3-48894,376,0.0,0.0,0.0,0.0,0.9905642557760688,0.00980392156862745,0.00980392156862745,0.1,0.1
FR940505-1-00242,447,0.5,0.1,0.08163265306122448,0.0,0.9855347031254723,0.0,0.15104166666666666,0.0,0.3
FBIS3-60778,343,0.5,0.125,0.11206896551724138,0.0,0.9895456895028372,0.01421188630490956,0.002508613264427218,0.4,0.3
FBIS4-63852,627,0.0,0.0,0.0,0.0,0.9817950137791989,0.0,0.0,0.0,0.0
FT943-8528,688,0.0,0.0,0.0,0.0,0.9911467368310495,0.006211180124223602,0.0,0.1,0.0
FBIS3-7689,389,0.0,0.0,0.0,0.0,0.9885276334186743,0.0,0.0006443298969072165,0.0,0.1
FR940525-1-00060,403,0.0,0.0,0.0,0.0,0.9832326779898836,0.0,0.40576341647770214,0.0,0.9
FR940525-1-00060,370,0.3333333333333333,0.037037037037037035,0.0625,0.0,0.9819031476111402,0.016163548752834468,0.002976190476190476,0.7,0.1
FR940525-1-00060,442,0.0,0.0,0.0,0.0,0.9801889864593688,0.0,0.0,0.0,0.0
LA060590-0046,638,0.0,0.0,0.0,0.0,0.9945930465911013,0.0,0.0,0.0,0.0
FT923-6521,338,0.0,0.0,0.0,0.0,0.9775476844831977,0.0,0.41666666666666663,0.0,0.2
FT923-6521,398,0.0,0.0,0.0,0.0,0.9765451030269817,0.0,0.006896551724137931,0.0,0.1
LA071190-0129,313,0.0,0.0,0.0,0.1111111111111111,0.9966036423808011,0.054275473630312335,0.10752688172043011,0.6,1.0
LA122289-0076,440,0.0,0.0,0.0,0.0,0.9872327824796132,0.0,0.0,0.0,0.0
LA051289-0178,398,0.0,0.0,0.0,0.0,0.9924768663747942,0.009195402298850575,0.006896551724137931,0.2,0.1
LA011489-0121,695,0.0,0.0,0.0,0.0,0.9955800458731242,0.0,0.07395666131621187,0.0,0.8
FT944-11346,693,0.3333333333333333,0.047619047619047616,0.09803921568627451,0.0,0.9933348121116332,0.08395061728395062,0.014403292181069957,0.3,0.2
FT942-6494,687,0.3333333333333333,0.03333333333333333,0.07692307692307693,0.0,0.9865282043171621,0.03240740740740741,0.0633187374566685,0.5,0.7
FBIS4-53910,331,0.3333333333333333,0.16666666666666666,0.19047619047619047,0.0,0.9936535463111318,0.0,0.04225352112676056,0.0,0.9
LA031490-0077,436,0.0,0.0,0.0,0.0,0.9892718398013949,0.022623456790123456,0.0,0.6,0.0
LA040789-0040,314,0.0,0.0,0.0,0.0,0.993468551842874,0.0,0.0,0.0,0.0
LA040789-0040,641,0.0,0.0,0.0,0.0,0.9959538761439373,0.12063492063492062,0.016885325558794944,0.7,0.3
FT922-3424,617,0.3333333333333333,0.3333333333333333,0.22580645161290322,0.0,0.9875464922120677,0.040808823529411765,0.061484593837535004,0.4,0.7
FT922-3424,395,0.0,0.0,0.0,0.0,0.9922159195455379,0.0005868544600938967,0.003923541247484909,0.1,0.3
LA122889-0074,425,0.5,0.5,0.16666666666666666,0.0,0.9942839070056831,0.019576719576719578,0.05348079561042524,0.4,0.9
LA122889-0074,331,0.0,0.0,0.0,0.0,0.9912719347720944,0.0,0.04225352112676056,0.0,0.9
FT924-2507,687,0.6666666666666666,0.24074074074074073,0.25,0.1111111111111111,0.9914883007780022,0.03544061302681992,0.0633187374566685,0.4,0.7
LA081190-0094,329,0.6666666666666666,0.19444444444444442,0.2159090909090909,0.05263157894736842,0.9936757813936496,0.0,0.08698412698412698,0.0,0.4
FBIS3-22688,689,0.0,0.0,0.0,0.0,0.9753405560764034,0.0,0.007352941176470588,0.0,0.1
FBIS3-22688,434,0.5,0.07142857142857142,0.08411214953271028,0.0,0.9857608245378595,0.0,0.022374319564521294,0.0,0.8
FBIS3-22688,435,0.0,0.0,0.0,0.0,0.9882072566103894,0.008547008547008548,0.017094017094017096,0.1,0.2
FBIS3-22688,445,0.5,0.5,0.18691588785046728,0.0,0.9886601874478889,0.0,0.10931899641577061,0.0,0.7
FBIS3-22688,688,0.0,0.0,0.0,0.0,0.9908339745377759,0.0,0.0,0.0,0.0
FBIS3-22688,428,0.3333333333333333,0.08333333333333333,0.102803738317757,0.0,0.9871750982999505,0.0008474576271186442,0.030155367231638416,0.1,0.5
FBIS3-22688,667,0.0,0.0,0.0,0.0,0.9886866317292918,0.0,0.1257452574525745,0.0,0.6
FBIS3-22688,658,0.0,0.0,0.0,0.0,0.9873697589047304,0.006822612085769979,0.051656920077972714,0.2,0.4
FT924-4583,400,0.0,0.0,0.0,0.0,0.9928435008781232,0.0136,0.064,0.3,0.8
FT924-4768,696,0.3333333333333333,0.3333333333333333,0.18181818181818182,0.0,0.9876046909523435,0.0,0.1736559139784946,0.0,0.6
FT924-4768,357,0.0,0.0,0.0,0.0,0.9937241489943105,0.0,0.026522633744855965,0.0,0.8
FT924-4768,659,0.3333333333333333,0.3333333333333333,0.18181818181818182,0.0,0.9913419068981401,0.0,0.2890625,0.0,0.5
FBIS4-17908,426,0.0,0.0,0.0,0.0,0.9880079096105985,0.0049504950495049506,0.011386138613861386,0.1,0.3
LA012490-0048,326,0.0,0.0,0.0,0.0,0.9887052625458378,0.0,0.0,0.0,0.0
FT921-8098,378,0.5,0.5,0.2,0.0,0.9934993950583172,0.0,0.0,0.0,0.0
FR941122-0-00087,426,0.0,0.0,0.0,0.0,0.9746472042432219,0.0,0.011386138613861386,0.0,0.3
FR941122-0-00087,606,0.0,0.0,0.0,0.0,0.9796469393519426,0.0,0.33035714285714285,0.0,0.5
FR941122-0-00087,435,0.3333333333333333,0.06666666666666667,0.10526315789473684,0.0,0.9807905784265937,0.0,0.017094017094017096,0.0,0.2
FR941122-0-00087,644,0.3333333333333333,0.03333333333333333,0.06578947368421052,0.0,0.9813403396021229,0.0,0.06923185941043083,0.0,0.5
FR941122-0-00087,428,0.0,0.0,0.0,0.0,0.9810579494126003,0.0,0.030155367231638416,0.0,0.5
FR941122-0-00087,407,0.0,0.0,0.0,0.0,0.9802278532861803,0.0,0.08027544351073763,0.0,0.7
LA112090-0041,671,0.0,0.0,0.0,0.0,0.9893619109611644,0.02857142857142857,0.02142857142857143,0.2,0.2
LA052189-0013,689,0.0,0.0,0.0,0.0,0.9776315406746254,0.0,0.007352941176470588,0.0,0.1
LA052189-0013,636,0.0,0.0,0.0,0.0,0.9926697710053639,0.0,0.03015873015873016,0.0,0.2
LA052189-0013,635,0.0,0.0,0.0,0.0,0.9954386874638969,0.0,0.07017543859649122,0.0,0.2
LA052189-0013,393,0.0,0.0,0.0,0.0,0.9951356716738918,0.07042253521126761,0.08325508607198748,0.5,0.7
FBIS4-51781,661,0.3333333333333333,0.047619047619047616,0.078125,0.0,0.9904233976225639,0.0,0.20601073762838465,0.0,0.8
FT922-13711,407,0.0,0.0,0.0,0.0,0.9922146656885592,0.0,0.08027544351073763,0.0,0.7
FT942-7776,445,0.0,0.0,0.0,0.0,0.9936062293493113,0.0,0.10931899641577061,0.0,0.7
FT941-5245,344,0.0,0.0,0.0,0.0,0.9832435292199362,0.0,0.02857142857142857,0.0,0.1
FBIS3-54525,669,0.5,0.5,0.1388888888888889,0.0,0.9899742331842493,0.08695652173913043,0.05434782608695652,0.2,0.2
FBIS4-14446,396,0.3333333333333333,0.041666666666666664,0.06896551724137931,0.0,0.9847086468754167,0.0,0.1694915254237288,0.0,1.0
LA082989-0016,338,0.0,0.0,0.0,0.0,0.987405229969732,0.0,0.41666666666666663,0.0,0.2
LA082989-0016,436,0.0,0.0,0.0,0.0,0.9876409763225307,0.022222222222222223,0.0,0.4,0.0
FT943-12288,681,0.6666666666666666,0.2222222222222222,0.23809523809523808,0.05263157894736842,0.9948664689836867,0.14,0.04577777777777778,0.7,0.5
FT943-12288,352,0.0,0.0,0.0,0.0,0.9943411706597926,0.0,0.01951219512195122,0.0,0.6
FT943-12288,375,0.0,0.0,0.0,0.0,0.9885615705338654,0.0,0.060520833333333336,0.0,0.6
FBIS4-10906,354,0.0,0.0,0.0,0.0,0.9933776807015425,0.002770083102493075,0.0004616805170821791,0.1,0.1
LA080489-0057,699,0.0,0.0,0.0,0.0,0.9929008239160959,0.002347417840375587,0.05524256651017214,0.1,0.6
FT921-12562,309,0.0,0.0,0.0,0.0,0.9940017591937501,0.0,0.0,0.0,0.0
FT921-12562,411,0.0,0.0,0.0,0.0,0.9945786748844949,0.0,0.1111111111111111,0.0,0.3
FT944-4092,399,0.0,0.0,0.0,0.0,0.9938372092543221,0.023284313725490197,0.004139433551198257,0.3,0.2
FT944-4092,353,0.0,0.0,0.0,0.0,0.9942675781353033,0.0,0.04984387197501952,0.0,0.7
FT944-4092,340,0.0,0.0,0.0,0.0,0.9951506251126747,0.0,0.05640096618357488,0.0,0.5
FT944-4092,357,0.0,0.0,0.0,0.0,0.9946855303838116,0.0,0.026522633744855965,0.0,0.8
FT944-4092,355,0.0,0.0,0.0,0.0,0.9905554248178706,0.0,0.08615520282186948,0.0,0.5
LA111789-0141,633,0.0,0.0,0.0,0.0,0.9921388806315629,0.0,0.2127659574468085,0.0,1.0
FT923-437,449,0.0,0.0,0.0,0.0,0.9949563205332127,0.014925373134328358,0.022388059701492536,0.1,0.2
FT923-437,314,0.0,0.0,0.0,0.0,0.9917584178659852,0.0,0.0,0.0,0.0
FT923-437,390,0.0,0.0,0.0,0.0,0.9925994968738989,0.0,0.0664179104477612,0.0,0.9
FT923-437,381,0.0,0.0,0.0,0.0,0.9933041981521303,0.0035714285714285718,0.044642857142857144,0.1,0.2
FT923-437,333,0.0,0.0,0.0,0.0,0.9943882834987449,0.0,0.07423687423687424,0.0,0.7
LA052190-0103,694,0.0,0.0,0.0,0.0,0.9936193677697712,0.0,0.04145021645021645,0.0,0.5
LA042090-0123,315,0.0,0.0,0.0,0.0,0.9937541339073588,0.0,0.0,0.0,0.0
LA042090-0123,358,0.0,0.0,0.0,0.0,0.9934927026099202,0.0,0.0,0.0,0.0
LA042090-0123,634,0.0,0.0,0.0,0.0,0.9924428376556039,0.0,0.6064574314574315,0.0,0.8
FT933-7879,331,0.6666666666666666,0.6666666666666666,0.37209302325581395,0.1111111111111111,0.9969435615269575,0.03182055294731351,0.04225352112676056,0.7,0.9
FT942-4421,307,0.0,0.0,0.0,0.0,0.9913359079705687,0.01904761904761905,0.030714285714285715,0.4,0.7
FT942-4421,331,0.6666666666666666,0.17857142857142858,0.1724137931034483,0.05263157894736842,0.9961150031507676,0.016666666666666666,0.04225352112676056,0.4,0.9
FT942-4421,647,0.0,0.0,0.0,0.0,0.9944265090781259,0.0,0.08232323232323233,0.0,0.4
FT944-18682,352,0.0,0.0,0.0,0.05263157894736842,0.9939823550888133,0.0,0.01951219512195122,0.0,0.6
FR940817-2-00019,439,0.0,0.0,0.0,0.0,0.9659478137840908,0.025483800826266577,0.0,0.7,0.0
FT923-12937,351,0.3333333333333333,0.06666666666666667,0.0975609756097561,0.0,0.9940451432186309,0.0,0.20833333333333334,0.0,1.0
FT923-12937,357,0.0,0.0,0.0,0.0,0.994179574114016,0.005185185185185185,0.026522633744855965,0.2,0.8
FT923-12937,321,0.0,0.0,0.0,0.0,0.9922641862027102,0.0,0.014449917898193759,0.0,0.4
LA010590-0075,396,0.3333333333333333,0.037037037037037035,0.06944444444444445,0.0,0.9902765914155361,0.01694915254237288,0.1694915254237288,0.1,1.0
LA101789-0057,674,0.0,0.0,0.0,0.0,0.9809965953490446,0.0,0.05125,0.0,0.3
FR940511-0-00062,407,0.0,0.0,0.0,0.0,0.9865234687844766,0.0,0.08027544351073763,0.0,0.7
LA112789-0106,434,0.5,0.1,0.09090909090909091,0.0,0.9934699458205003,0.002881844380403458,0.022374319564521294,0.1,0.8
FBIS4-51839,655,0.0,0.0,0.0,0.0,0.9585519633497174,0.0,0.0,0.0,0.0
FBIS4-51839,428,0.0,0.0,0.0,0.0,0.9583814405124726,0.010895883777239709,0.030155367231638416,0.2,0.5
FBIS4-51839,678,0.0,0.0,0.0,0.0,0.9471198069115879,0.0,0.15789473684210525,0.0,0.3
FBIS4-51839,379,0.0,0.0,0.0,0.0,0.9463929877535989,0.0,0.2609375,0.0,0.5
FBIS4-51839,658,0.0,0.0,0.0,0.0,0.9519696893512775,0.0,0.051656920077972714,0.0,0.4
LA111690-0002,398,0.0,0.0,0.0,0.05263157894736842,0.9952651574402425,0.06896551724137931,0.006896551724137931,1.0,0.1
FBIS4-33117,332,0.3333333333333333,0.06666666666666667,0.09615384615384616,0.0,0.9745323773276365,0.0,0.0,0.0,0.0
FBIS4-33117,650,0.3333333333333333,0.06666666666666667,0.09615384615384616,0.0,0.9876534359070386,0.0,0.04901960784313725,0.0,0.2
LA060790-0008,700,0.25,0.08333333333333333,0.11764705882352941,0.0,0.9812887223417611,0.012222222222222221,0.0,0.3,0.0
LA111489-0003,664,1.0,0.8095238095238094,0.4166666666666667,0.5384615384615384,0.9980147659887921,0.5452380952380952,0.3204585537918871,0.6,0.5
FBIS4-39383,357,0.0,0.0,0.0,0.0,0.9950610950886776,0.010476190476190476,0.026522633744855965,0.4,0.8
FBIS3-60253,408,0.5,0.5,0.17073170731707318,0.0,0.9925301438731312,0.0,0.025423728813559324,0.0,0.3
FBIS3-60253,400,0.3333333333333333,0.1111111111111111,0.0975609756097561,0.0,0.9928953216304833,0.0013333333333333333,0.064,0.1,0.8
FT944-5248,367,0.0,0.0,0.0,0.0,0.9931048719574187,0.0,0.00508944318468128,0.0,0.3
FT944-5248,363,0.0,0.0,0.0,0.0,0.9879755158084887,0.0,0.0763888888888889,0.0,0.2
FT944-5248,326,0.0,0.0,0.0,0.0,0.9946999078510207,0.19106280193236716,0.0,0.9,0.0
FT944-5248,448,0.0,0.0,0.0,0.05263157894736842,0.9948048894960768,0.008454106280193236,0.002717391304347826,0.2,0.1
FT944-5248,659,0.3333333333333333,0.3333333333333333,0.21621621621621623,0.0,0.9928362169235329,0.03125,0.2890625,0.1,0.5
FBIS3-19056,398,0.0,0.0,0.0,0.0,0.9944090256092276,0.008429118773946361,0.006896551724137931,0.2,0.1
LA102589-0109,431,0.0,0.0,0.0,0.0,0.9868252124099819,0.01282051282051282,0.027692307692307693,0.2,0.5
LA102589-0109,392,0.0,0.0,0.0,0.0,0.9917700372826582,0.009523809523809525,0.0326984126984127,0.1,0.5
FBIS3-58832,401,0.0,0.0,0.0,0.0,0.9912735921675201,0.0033333333333333335,0.004,0.1,0.2
FT924-1255,386,0.3333333333333333,0.16666666666666666,0.13636363636363635,0.0,0.9907341531719855,0.0,0.01921470342522974,0.0,0.2
FT924-1255,668,0.0,0.0,0.0,0.0,0.9930880616192488,0.0,0.08333333333333333,0.0,0.4
FT924-1255,348,0.0,0.0,0.0,0.0,0.9917228225324335,0.0,0.8099999999999999,0.0,0.8333333333333334
FT924-1255,390,0.0,0.0,0.0,0.0,0.9892635757888429,0.0,0.0664179104477612,0.0,0.9
FT924-1255,665,0.0,0.0,0.0,0.0,0.9958999081447916,0.05263157894736842,0.15263157894736842,0.1,0.4
FT924-1255,379,0.0,0.0,0.0,0.0,0.9935870657730843,0.0,0.2609375,0.0,0.5
FT924-1255,658,0.0,0.0,0.0,0.05263157894736842,0.9939152263973343,0.0,0.051656920077972714,0.0,0.4
FT924-979,403,0.0,0.0,0.0,0.25,0.9961198532761646,0.36547619047619045,0.40576341647770214,0.8,0.9
FT924-979,308,0.0,0.0,0.0,0.0,0.9824492476541489,0.0,0.5,0.0,0.2
FT924-979,356,0.0,0.0,0.0,0.1111111111111111,0.9931328306824835,0.058823529411764705,0.008403361344537815,0.1,0.1
FT924-979,609,0.25,0.08333333333333333,0.06060606060606061,0.0,0.987892058248163,0.0,0.1711111111111111,0.0,0.6
FT924-979,349,0.0,0.0,0.0,0.0,0.9889627154216077,0.0,0.04452054794520548,0.0,0.4
FBIS4-53596,373,0.0,0.0,0.0,0.0,0.9770884415690068,0.0,0.16053391053391056,0.0,0.7
LA031789-0039,439,0.0,0.0,0.0,0.0,0.9898808252750972,0.0,0.0,0.0,0.0
LA031789-0039,360,0.0,0.0,0.0,0.0,0.9881355204533242,0.0,0.058204562178072114,0.0,0.9
LA031789-0039,685,0.0,0.0,0.0,0.0,0.9904511615859832,0.0,0.02564102564102564,0.0,0.1
FBIS3-10018,417,0.0,0.0,0.0,0.0,0.9824423495471096,0.0,0.104,0.0,0.8
LA031990-0016,700,0.5,0.3,0.23255813953488372,0.0,0.9872486385575152,0.051587301587301584,0.0,0.7,0.0
FBIS3-23959,636,0.0,0.0,0.0,0.0,0.9826187610155127,0.0,0.03015873015873016,0.0,0.2
LA120790-0178,371,0.0,0.0,0.0,0.0,0.993072905763717,0.0,0.0,0.0,0.0
LA120790-0178,381,0.0,0.0,0.0,0.0,0.9916382178628961,0.0,0.044642857142857144,0.0,0.2
FR940406-2-00174,625,0.0,0.0,0.0,0.0,0.9832083918423901,0.0,0.01748971193415638,0.0,0.2
FR940406-2-00174,651,0.0,0.0,0.0,0.0,0.9817167718341422,0.03684210526315789,0.0,0.2,0.0
FBIS3-2746,337,0.0,0.0,0.0,0.0,0.9885795767619419,0.0,0.020737327188940093,0.0,0.4
LA081789-0025,409,0.0,0.0,0.0,0.0,0.9923143137198637,0.0,0.056818181818181816,0.0,0.2
LA040690-0016,379,0.0,0.0,0.0,0.0,0.9917660571225273,0.0,0.2609375,0.0,0.5
LA040690-0016,658,0.0,0.0,0.0,0.0,0.988369387559059,0.008771929824561403,0.051656920077972714,0.1,0.4
LA040690-0016,445,0.5,0.25,0.15254237288135594,0.0,0.9910480581610681,0.0,0.10931899641577061,0.0,0.7
LA102289-0049,367,0.0,0.0,0.0,0.0,0.9919900093694521,0.0,0.00508944318468128,0.0,0.3
LA102289-0049,400,0.3333333333333333,0.16666666666666666,0.1111111111111111,0.0,0.9933443807218012,0.0008,0.064,0.1,0.8
FT941-11412,439,0.0,0.0,0.0,0.0,0.9924907101197563,0.0045662100456621,0.0,0.1,0.0
FT941-11412,661,0.3333333333333333,0.047619047619047616,0.07692307692307693,0.0,0.9928502385853609,0.0,0.20601073762838465,0.0,0.8
FT941-15258,376,0.0,0.0,0.0,0.0,0.9862125543251155,0.0,0.00980392156862745,0.0,0.1
FT943-15585,331,0.6666666666666666,0.13333333333333333,0.14772727272727273,0.0,0.9944690750884077,0.019075564498099707,0.04225352112676056,0.6,0.9
FT933-219,608,0.0,0.0,0.0,0.0,0.9920433648135724,0.0,0.026895943562610228,0.0,0.3
LA041989-0063,430,0.0,0.0,0.0,0.0,0.990791746489595,0.0,0.46990740740740744,0.0,0.4
FT943-14834,421,0.6666666666666666,0.38888888888888884,0.21739130434782608,0.05263157894736842,0.9765278868801136,0.0,0.0024096385542168677,0.0,0.1
FT943-14834,387,0.5,0.16666666666666666,0.08695652173913043,0.0,0.9904525090084204,0.03221288515406163,0.018137254901960782,0.4,0.3
FT932-8409,375,0.5,0.05,0.06818181818181818,0.05263157894736842,0.9929173689842453,0.0,0.060520833333333336,0.0,0.6
FT932-8409,420,0.0,0.0,0.0,0.0,0.9847243786297137,0.0,0.2625420875420876,0.0,0.9
FT932-8409,647,0.0,0.0,0.0,0.0,0.9901120159688124,0.0,0.08232323232323233,0.0,0.4
FT932-8409,319,0.0,0.0,0.0,0.0,0.986005997213536,0.024836601307189544,0.00784313725490196,0.5,0.3
FT932-8409,444,0.0,0.0,0.0,0.0,0.9866468417926465,0.0,0.5096405228758171,0.0,0.9
LA100590-0009,401,0.3333333333333333,0.1111111111111111,0.1,0.0,0.9842011409577117,0.004,0.004,0.2,0.2
LA100590-0009,323,0.3333333333333333,0.08333333333333333,0.09,0.0,0.9829160177679723,0.0,0.06444184231069477,0.0,0.5
FT941-8610,443,0.0,0.0,0.0,0.0,0.9792400005242748,0.0,0.0,0.0,0.0
FT923-4554,408,0.0,0.0,0.0,0.0,0.9947131775426651,0.026129943502824857,0.025423728813559324,0.5,0.3
FT934-2957,314,0.0,0.0,0.0,0.0,0.9908156905061666,0.0,0.0,0.0,0.0
FBIS4-31073,401,0.0,0.0,0.0,0.0,0.9923650867854875,0.0,0.004,0.0,0.2
FBIS3-45804,440,0.5,0.5,0.23529411764705882,0.0,0.9853962365255821,0.0,0.0,0.0,0.0
FT941-5957,640,0.0,0.0,0.0,0.0,0.9931410519544301,0.007751937984496124,0.09597637504614248,0.1,0.5
FT941-5957,361,0.0,0.0,0.0,0.0,0.98875810418388,0.0,0.38478835978835974,0.0,0.5
FT941-5957,684,0.6666666666666666,0.5,0.273972602739726,0.0,0.9928766379874374,0.09552845528455284,0.0429732868757259,0.5,0.3
FT922-5274,327,0.0,0.0,0.0,0.0,0.9921494409143963,0.0,0.0,0.0,0.0
LA032489-0044,658,0.5,0.1,0.0963855421686747,0.0,0.9907828925902358,0.09166666666666666,0.051656920077972714,0.6,0.4
LA032489-0044,654,0.0,0.0,0.0,0.0,0.9805432424734392,0.0,0.13840155945419105,0.0,0.8
FT923-2323,648,0.0,0.0,0.0,0.0,0.9745703036125767,0.017543859649122806,0.17543859649122806,0.1,1.0
FBIS4-47102,434,0.5,0.5,0.18032786885245902,0.0,0.9951316933350572,0.02881844380403458,0.022374319564521294,1.0,0.8
FT942-8508,648,0.0,0.0,0.0,0.0,0.978836931393513,0.0,0.17543859649122806,0.0,1.0
FT934-7301,643,0.25,0.25,0.23076923076923078,0.0,0.9916885385385205,0.0,0.14039408866995073,0.0,0.5
FT934-7301,417,0.0,0.0,0.0,0.0,0.9862718803369861,0.0,0.104,0.0,0.8
FT943-9539,603,0.0,0.0,0.0,0.0,0.9833345258303234,0.0,0.11458333333333333,0.0,0.4
FBIS3-23491,625,0.0,0.0,0.0,0.0,0.990676760354841,0.0,0.01748971193415638,0.0,0.2
FT923-10363,331,0.0,0.0,0.0,0.0,0.9886345232250586,0.0,0.04225352112676056,0.0,0.9
FT923-10363,343,0.5,0.5,0.32727272727272727,0.0,0.9942149642362453,0.006459948320413436,0.002508613264427218,0.2,0.3
FR940913-0-00011,369,0.0,0.0,0.0,0.0,0.8859059599042142,0.0,0.1794871794871795,0.0,0.3
FT944-3758,364,0.0,0.0,0.0,0.0,0.9866815287775428,0.0,0.1545238095238095,0.0,0.7
LA092990-0004,636,0.3333333333333333,0.06666666666666667,0.08823529411764706,0.0,0.9861524621274136,0.07142857142857142,0.03015873015873016,0.1,0.2
LA092990-0004,393,0.0,0.0,0.0,0.0,0.9909548697903834,0.0,0.08325508607198748,0.0,0.7
LA091289-0112,360,0.0,0.0,0.0,0.0,0.9848438558568293,0.0,0.058204562178072114,0.0,0.9
FT924-4322,425,0.0,0.0,0.0,0.0,0.9923903627096289,0.0,0.05348079561042524,0.0,0.9
FT924-4322,645,1.0,0.6111111111111112,0.37777777777777777,0.3333333333333333,0.997279461511495,0.22610837438423645,0.2880815544608648,0.7,0.9
FT924-4322,373,0.0,0.0,0.0,0.0,0.9904443058006491,0.0,0.16053391053391056,0.0,0.7
FT924-4322,422,0.0,0.0,0.0,0.0,0.991056658144259,0.0,0.01589912280701754,0.0,0.3
FT924-4322,334,0.0,0.0,0.0,0.0,0.9874044528816694,0.0,0.2518518518518518,0.0,0.3
FT924-4322,344,0.0,0.0,0.0,0.0,0.9876126929608775,0.0,0.02857142857142857,0.0,0.1
FT924-4322,367,1.0,0.1111111111111111,0.06666666666666667,0.05263157894736842,0.9948242394539517,0.0,0.00508944318468128,0.0,0.3
FT921-4613,313,0.0,0.0,0.0,0.0,0.9690529508946513,0.0,0.10752688172043011,0.0,1.0
FT944-1628,410,0.0,0.0,0.0,0.0,0.9894479692021675,0.015384615384615385,0.15384615384615385,0.1,1.0
FT944-1628,401,0.0,0.0,0.0,0.0,0.9855694556145573,0.0,0.004,0.0,0.2
FBIS4-40530,331,0.0,0.0,0.0,0.0,0.9929872892772377,0.0,0.04225352112676056,0.0,0.9
FBIS4-40530,434,0.5,0.0625,0.078125,0.0,0.9932380032692903,0.0048030739673390966,0.022374319564521294,0.2,0.8
LA100490-0070,401,0.0,0.0,0.0,0.0,0.9898577954723864,0.0,0.004,0.0,0.2
LA100490-0070,648,0.3333333333333333,0.05555555555555555,0.07228915662650602,0.0,0.9805840746607115,0.0,0.17543859649122806,0.0,1.0
LA100490-0070,682,0.3333333333333333,0.047619047619047616,0.07228915662650602,0.0,0.9923372927467288,0.0,0.09369918699186992,0.0,0.5
LA070989-0158,340,0.3333333333333333,0.16666666666666666,0.15,0.0,0.9938372984438301,0.0,0.05640096618357488,0.0,0.5
LA081489-0040,354,0.0,0.0,0.0,0.0,0.9916837249600594,0.0,0.0004616805170821791,0.0,0.1
FBIS3-41220,301,0.0,0.0,0.0,0.0,0.9842505543092442,0.006882440476190475,0.004805307539682539,0.4,0.5
FBIS4-33288,320,0.0,0.0,0.0,0.0,0.9886776103699865,0.0,0.023809523809523808,0.0,0.1
FBIS4-33288,367,0.0,0.0,0.0,0.0,0.9920766224947599,0.010582010582010581,0.00508944318468128,0.2,0.3
FT921-5044,304,0.0,0.0,0.0,0.0,0.9872444288897506,0.026303854875283444,0.002976190476190476,0.6,0.2
FT921-5044,407,0.0,0.0,0.0,0.05263157894736842,0.9937754855407672,0.004575163398692811,0.08027544351073763,0.2,0.7
FT921-5044,347,0.0,0.0,0.0,0.0,0.9916100344574158,0.0063596491228070165,0.0013157894736842105,0.3,0.1
FT921-5044,340,0.3333333333333333,0.1111111111111111,0.11904761904761904,0.0,0.9934218506337102,0.0,0.05640096618357488,0.0,0.5
LA071190-0029,662,0.0,0.0,0.0,0.0,0.992476014331437,0.03594771241830066,0.041176470588235294,0.2,0.2
FBIS4-52309,631,0.25,0.25,0.15789473684210525,0.0,0.9861873486410719,0.017391304347826087,0.014492753623188404,0.2,0.2
FBIS4-52309,399,0.0,0.0,0.0,0.0,0.9918076021125019,0.0,0.004139433551198257,0.0,0.2
FBIS4-52309,357,0.0,0.0,0.0,0.0,0.9932492578574744,0.027536743092298647,0.026522633744855965,0.8,0.8
LA060390-0073,354,0.0,0.0,0.0,0.0,0.9934821960149168,0.0013850415512465374,0.0004616805170821791,0.1,0.1
FR940405-1-00092,396,0.6666666666666666,0.2619047619047619,0.23529411764705882,0.3333333333333333,0.9971418826826185,0.10447941888619855,0.1694915254237288,0.7,1.0
FR940405-1-00092,630,0.0,0.0,0.0,0.0,0.9913660751356954,0.0,0.5104166666666666,0.0,0.3
FR940405-1-00092,350,0.0,0.0,0.0,0.0,0.9922289719212556,0.004901960784313725,0.05119047619047619,0.1,0.5
LA081789-0020,629,0.0,0.0,0.0,0.0,0.9951445437835027,0.0,0.09868421052631579,0.0,0.3
LA111690-0058,370,0.0,0.0,0.0,0.0,0.9818354954178594,0.0,0.002976190476190476,0.0,0.1
LA111690-0058,398,0.25,0.0625,0.10714285714285714,0.0,0.9939896025872059,0.056237000547345366,0.006896551724137931,0.9,0.1
FT923-6110,408,0.0,0.0,0.0,0.0,0.9933666465449723,0.036911487758945385,0.025423728813559324,0.5,0.3
FBIS4-5631,321,0.0,0.0,0.0,0.0,0.9836507035792147,0.0049261083743842365,0.014449917898193759,0.1,0.4
FT942-2505,409,0.25,0.3333333333333333,0.14285714285714285,0.0,0.9336339733919832,0.0,0.056818181818181816,0.0,0.2
FR940405-0-00020,370,0.0,0.0,0.0,0.0,0.9825678385005765,0.004166666666666667,0.002976190476190476,0.2,0.1
FR940405-0-00020,448,0.0,0.0,0.0,0.0,0.9835528227245157,0.0,0.002717391304347826,0.0,0.1
FBIS3-4361,307,0.3333333333333333,0.08333333333333333,0.09615384615384616,0.0,0.9894766960849238,0.006666666666666666,0.030714285714285715,0.2,0.7
FT944-15143,448,0.5,0.07142857142857142,0.08333333333333333,0.05263157894736842,0.9934138868711602,0.09166666666666667,0.002717391304347826,0.6,0.1
FT944-15143,411,0.0,0.0,0.0,0.0,0.9931910151329963,0.0,0.1111111111111111,0.0,0.3
FT944-15143,326,0.0,0.0,0.0,0.0,0.993798964012675,0.1637422360248447,0.0,0.8,0.0
FBIS3-20897,313,0.0,0.0,0.0,0.05263157894736842,0.9947084356385089,0.05517153097798259,0.10752688172043011,0.6,1.0
LA022389-0218,450,0.0,0.0,0.0,0.0,0.9929194720055324,0.004095563139931741,0.02375805839969662,0.2,0.8
FT924-2356,325,0.0,0.0,0.0,0.0,0.9919339917397,0.0,0.02023809523809524,0.0,0.2
FT924-2356,336,0.0,0.0,0.0,0.0,0.9873065434504534,0.0,0.08333333333333333,0.0,0.1
LA083089-0044,332,0.3333333333333333,0.041666666666666664,0.07142857142857142,0.0,0.97055903891354,0.03460192475940508,0.0,0.9,0.0
LA083089-0044,650,0.3333333333333333,0.041666666666666664,0.07142857142857142,0.05263157894736842,0.9906985781748205,0.0,0.04901960784313725,0.0,0.2
FBIS3-9311,439,0.0,0.0,0.0,0.0,0.987250506230742,0.0,0.0,0.0,0.0
FR940831-2-00152,417,0.0,0.0,0.0,0.0,0.9852556828562214,0.0,0.104,0.0,0.8
LA060390-0136,438,0.0,0.0,0.0,0.0,0.9830422696373425,0.0,0.0058491604734379294,0.0,0.3
FT933-3647,437,0.0,0.0,0.0,0.0,0.9907383252973326,0.013888888888888888,0.0,0.1,0.0
FT923-3617,301,0.0,0.0,0.0,0.0,0.9917812275709701,0.00031887755102040814,0.004805307539682539,0.1,0.5
FT923-3617,410,0.5,0.08333333333333333,0.08163265306122448,0.0,0.9948899813766595,0.01978021978021978,0.15384615384615385,0.2,1.0
LA071390-0053,320,0.0,0.0,0.0,0.0,0.9903287635770464,0.0,0.023809523809523808,0.0,0.1
LA061489-0087,662,0.0,0.0,0.0,0.0,0.9911086866627298,0.0392156862745098,0.041176470588235294,0.2,0.2
FT943-13239,366,0.0,0.0,0.0,0.0,0.983019432255214,0.0,0.05968414301747634,0.0,0.7
LA061090-0221,370,0.3333333333333333,0.05555555555555555,0.10344827586206896,0.0,0.9839268814921865,0.0,0.002976190476190476,0.0,0.1
LA050390-0240,666,0.3333333333333333,0.1111111111111111,0.11764705882352941,0.05263157894736842,0.9915469476717048,0.0,0.0,0.0,0.0
LA102689-0143,601,0.0,0.0,0.0,0.0,0.9854046581135516,0.0,0.32,0.0,0.3
LA071590-0193,363,0.0,0.0,0.0,0.0,0.9878540829970027,0.0,0.0763888888888889,0.0,0.2
LA120890-0010,636,0.3333333333333333,0.1111111111111111,0.09876543209876543,0.0,0.9914711961542533,0.0,0.03015873015873016,0.0,0.2
LA120890-0010,654,0.0,0.0,0.0,0.0,0.9797661450020042,0.0,0.13840155945419105,0.0,0.8
LA120890-0010,383,0.0,0.0,0.0,0.0,0.990866643380925,0.00684931506849315,0.008806262230919765,0.1,0.2
FT921-14761,422,0.0,0.0,0.0,0.0,0.9924885136301099,0.0,0.01589912280701754,0.0,0.3
FT921-14761,328,0.0,0.0,0.0,0.0,0.9924950624414847,0.0,0.0,0.0,0.0
FT921-14761,647,0.0,0.0,0.0,0.0,0.9941517053030198,0.0,0.08232323232323233,0.0,0.4
LA051489-0205,315,0.0,0.0,0.0,0.0,0.9812913353656636,0.0,0.0,0.0,0.0
FT933-15380,626,0.0,0.0,0.0,0.0,0.9923299260285844,0.0,0.06018518518518518,0.0,0.3
FT933-15380,446,0.0,0.0,0.0,0.0,0.9923036050121367,0.02194787379972565,0.039368998628257885,0.5,0.8
FR941207-1-00023,411,0.0,0.0,0.0,0.0,0.9775097893494694,0.0,0.1111111111111111,0.0,0.3
FR941207-1-00023,304,0.3333333333333333,0.08333333333333333,0.0967741935483871,0.0,0.9871212743686731,0.0,0.002976190476190476,0.0,0.2
FR941207-1-00023,407,0.0,0.0,0.0,0.0,0.9792740655297874,0.0,0.08027544351073763,0.0,0.7
FR941207-1-00023,347,0.0,0.0,0.0,0.0,0.9835664817357768,0.0,0.0013157894736842105,0.0,0.1
LA032989-0060,389,0.0,0.0,0.0,0.0,0.988439017875527,0.01752577319587629,0.0006443298969072165,0.4,0.1
FT921-5609,688,0.0,0.0,0.0,0.0,0.9893483039883526,0.006211180124223602,0.0,0.1,0.0
FBIS4-2353,362,0.5,0.25,0.14285714285714285,0.1111111111111111,0.992587937649708,0.20512820512820512,0.11858974358974358,0.8,0.5
FBIS4-2353,682,0.0,0.0,0.0,0.0,0.9921554586549651,0.0,0.09369918699186992,0.0,0.5
FT931-16191,394,0.0,0.0,0.0,0.0,0.9936159849590805,0.0,0.07352941176470588,0.0,0.2
FT943-7580,651,0.0,0.0,0.0,0.0,0.9886775525635714,0.0,0.0,0.0,0.0
FT943-7580,640,0.0,0.0,0.0,0.0,0.9855113899653071,0.0,0.09597637504614248,0.0,0.5
FT943-7580,627,0.6666666666666666,0.5,0.2777777777777778,0.0,0.9921914842372719,0.0,0.0,0.0,0.0
FBIS4-35578,438,0.5,0.5,0.23529411764705882,0.0,0.9874875396197133,0.0019267822736030828,0.0058491604734379294,0.1,0.3
FBIS4-35578,395,1.0,1.0,0.23529411764705882,0.0,0.9912367395976589,0.003442879499217528,0.003923541247484909,0.2,0.3
FT943-13263,370,0.0,0.0,0.0,0.0,0.9838303882787871,0.0,0.002976190476190476,0.0,0.1
FT943-13263,700,0.0,0.0,0.0,0.0,0.9857800345692317,0.0,0.0,0.0,0.0
FBIS4-6232,325,0.0,0.0,0.0,0.0,0.958466675103408,0.0,0.02023809523809524,0.0,0.2
FT924-8113,389,0.0,0.0,0.0,0.0,0.9853977012102525,0.022207903780068726,0.0006443298969072165,0.6,0.1
FT924-8113,373,0.0,0.0,0.0,0.0,0.9872853879896236,0.0,0.16053391053391056,0.0,0.7
FT924-8113,330,0.6666666666666666,0.5,0.2830188679245283,0.0,0.9887008359452392,0.0,0.011666666666666665,0.0,0.2
FBIS4-62259,332,0.6666666666666666,0.21666666666666667,0.20512820512820512,0.0,0.978994687269249,0.000562429696287964,0.0,0.1,0.0
FBIS4-62259,434,0.0,0.0,0.0,0.0,0.9896967082345771,0.002881844380403458,0.022374319564521294,0.1,0.8
FBIS3-59251,378,0.0,0.0,0.0,0.0,0.9928631811006478,0.0,0.0,0.0,0.0
WTX099-B24-354,503,0.5,0.125,0.10256410256410256,0.0,0.8470131650051591,0.0,0.030122655122655124,0.0,0.3
WTX101-B11-76,480,0.0,0.0,0.0,0.0,0.9850573877167653,0.0,0.0,0.0,0.0
WTX016-B14-3,500,0.5,0.16666666666666666,0.1388888888888889,0.0,0.9806995027333534,0.029493087557603687,0.005376344086021505,0.3,0.1
WTX018-B20-194,537,0.3333333333333333,0.1111111111111111,0.12903225806451613,0.0,0.9749577646902455,0.0,0.046,0.0,0.3
WTX026-B08-107,507,0.0,0.0,0.0,0.0,0.9137495962395102,0.0,0.007352941176470588,0.0,0.1
WTX024-B42-140,525,0.0,0.0,0.0,0.0,0.9565169689960071,0.0,0.03780487804878049,0.0,0.3
WTX024-B42-140,541,0.3333333333333333,0.041666666666666664,0.08196721311475409,0.0,0.8685565955390128,0.005376344086021506,0.01347926267281106,0.2,0.7
WTX057-B41-159,453,1.0,1.0,0.22,0.1111111111111111,0.9784651766346022,0.016504854368932037,0.0637424872861766,0.3,0.7
WTX089-B39-68,483,0.0,0.0,0.0,0.0,0.4020682210409093,0.0,0.0,0.0,0.0
WTX081-B02-21,454,0.0,0.0,0.0,0.0,0.9702258012086152,0.011326530612244897,0.027142857142857142,0.3,0.4
WTX054-B01-194,454,0.5,0.5,0.2,0.0,0.9628332505102418,0.01,0.027142857142857142,0.2,0.4
WTX076-B01-163,530,0.0,0.0,0.0,0.1111111111111111,0.9907055180220327,0.01868279569892473,0.055769969278033786,0.4,0.8
WTX032-B12-153,530,0.0,0.0,0.0,0.0,0.9075503588429447,0.008064516129032258,0.055769969278033786,0.1,0.8
WTX095-B42-140,477,0.0,0.0,0.0,0.0,0.9300874481753999,0.05,0.0,0.1,0.0
WTX100-B38-46,474,0.0,0.0,0.0,0.0,0.7588667980054217,0.0,0.0,0.0,0.0
WTX007-B23-168,537,0.3333333333333333,0.16666666666666666,0.15151515151515152,0.0,0.9691483674606194,0.0,0.046,0.0,0.3
WTX103-B08-129,495,0.0,0.0,0.0,0.0,0.979772891980916,0.0019267822736030828,0.0068278435330458445,0.1,0.5
WTX055-B20-171,511,0.0,0.0,0.0,0.0,0.9732408881759144,0.00101010101010101,0.047053872053872056,0.1,0.8
WTX005-B32-89,502,0.0,0.0,0.0,0.0,0.9236255433303557,0.0,0.010288065843621397,0.0,0.2
WTX005-B32-89,549,0.25,0.125,0.16666666666666666,0.0,0.9644924430299299,0.008174386920980926,0.011307901907356949,0.4,0.6
WTX075-B17-172,503,0.0,0.0,0.0,0.0,0.969493925072949,0.0787878787878788,0.030122655122655124,0.3,0.3
WTX089-B35-206,515,0.0,0.0,0.0,0.0,0.5344168289432537,0.0,0.029268292682926828,0.0,0.2
WTX038-B09-325,484,0.0,0.0,0.0,0.0,0.9307848268312758,0.0,0.05,0.0,0.2
WTX069-B10-201,495,0.0,0.0,0.0,0.0,0.9624355116276567,0.0019267822736030828,0.0068278435330458445,0.1,0.5
WTX081-B24-154,495,0.0,0.0,0.0,0.05263157894736842,0.9829551356912585,0.0024084778420038534,0.0068278435330458445,0.2,0.5
WTX012-B01-13,518,0.0,0.0,0.0,0.0,0.9574765123124828,0.0,0.0,0.0,0.0
WTX075-B46-114,524,0.0,0.0,0.0,0.0,0.9619688135821574,0.23869614512471657,0.0,0.9,0.0
WTX042-B24-60,549,0.25,0.0625,0.10256410256410256,0.0,0.9453065697472431,0.003503308680420397,0.011307901907356949,0.2,0.6
WTX082-B28-250,544,0.5,0.1,0.08108108108108109,0.0,0.8699847410163978,0.02294728591024887,0.026299480697628844,0.8,0.9
WTX005-B27-138,549,0.25,0.25,0.1590909090909091,0.05263157894736842,0.9530431219381844,0.004541326067211625,0.011307901907356949,0.3,0.6
WTX094-B13-165,547,0.0,0.0,0.0,0.0,0.9692200113288526,0.04861111111111111,0.004513888888888889,0.7,0.2
WTX033-B18-207,530,0.0,0.0,0.0,0.0,0.9543490882837949,0.008064516129032258,0.055769969278033786,0.1,0.8
WTX026-B17-307,490,0.0,0.0,0.0,0.0,0.9699927395112409,0.0,0.04527712724434036,0.0,0.5
WTX091-B03-478,493,0.0,0.0,0.0,0.0,0.9359892718084957,0.0,0.0,0.0,0.0
WTX027-B07-9,525,0.5,0.0625,0.06666666666666667,0.0,0.9670149046594249,0.0,0.03780487804878049,0.0,0.3
WTX091-B18-4,493,0.0,0.0,0.0,0.0,0.937543477569005,0.03425925925925925,0.0,0.3,0.0
WTX091-B19-93,517,0.3333333333333333,0.08333333333333333,0.12244897959183673,0.1111111111111111,0.9858712758104985,0.05930555555555555,0.041666666666666664,0.5,0.3
WTX091-B19-93,477,0.0,0.0,0.0,0.0,0.9236133190973078,0.0,0.0,0.0,0.0
WTX003-B06-129,550,0.0,0.0,0.0,0.0,0.9773164612130864,0.0,0.08069444444444444,0.0,0.6
WTX018-B45-20,493,0.0,0.0,0.0,0.0,0.9413629842722053,0.0,0.0,0.0,0.0
WTX004-B09-278,530,0.0,0.0,0.0,0.0,0.983838634209357,0.020967741935483872,0.055769969278033786,0.3,0.8
WTX077-B26-141,547,0.0,0.0,0.0,0.0,0.9794498646332317,0.006944444444444444,0.004513888888888889,0.1,0.2
WTX075-B46-126,537,0.0,0.0,0.0,0.17647058823529413,0.9793656706395719,0.192,0.046,0.6,0.3
WTX033-B27-117,530,0.0,0.0,0.0,0.0,0.9703759882370708,0.0,0.055769969278033786,0.0,0.8
WTX098-B02-3,493,0.0,0.0,0.0,0.0,0.9410812417301638,0.0,0.0,0.0,0.0
WTX098-B38-283,462,0.6666666666666666,0.21666666666666667,0.17777777777777778,0.0,0.8629781185436145,0.05555555555555555,0.0,0.2,0.0
WTX020-B20-176,509,0.0,0.0,0.0,0.0,0.9573089820434555,0.007142857142857143,0.04808673469387755,0.1,0.7
WTX015-B32-32,495,0.0,0.0,0.0,0.0,0.9832535407532185,0.0019267822736030828,0.0068278435330458445,0.1,0.5
WTX082-B47-85,517,0.0,0.0,0.0,0.0,0.9488868302856595,0.16666666666666666,0.041666666666666664,1.0,0.3
WTX008-B25-3,519,0.0,0.0,0.0,0.0,0.9862810343627086,0.011185682326621923,0.011092468307233407,0.2,0.4
WTX029-B30-527,499,0.0,0.0,0.0,0.0,0.9614903929826472,0.0,0.6666666666666666,0.0,0.2
WTX004-B02-400,513,1.0,0.16666666666666666,0.08571428571428572,0.0,0.9833304959806553,0.04482758620689655,0.0059865900383141765,0.4,0.2
WTX020-B26-197,459,0.3333333333333333,0.1111111111111111,0.11538461538461539,0.25,0.9888609235751877,0.0,0.07816537467700257,0.0,0.5
WTX014-B31-489,550,0.0,0.0,0.0,0.0,0.9723862082622535,0.0,0.08069444444444444,0.0,0.6
WTX046-B34-91,471,0.0,0.0,0.0,0.0,0.8811732254576156,0.0,0.125,0.0,0.1
WTX045-B28-110,476,0.5,0.125,0.1111111111111111,0.0,0.9748056915121655,0.09468085106382979,0.035334346504559265,0.9,0.4
WTX052-B12-194,527,0.0,0.0,0.0,0.0,0.955450730883582,0.0,0.09316009557945043,0.0,0.9
WTX089-B12-407,475,0.0,0.0,0.0,0.0,0.924224635036444,0.0,0.006913580246913581,0.0,0.2
WTX053-B35-467,457,0.0,0.0,0.0,0.0,0.6779569578149197,0.002898550724637681,0.001610305958132045,0.1,0.1
WTX072-B20-153,549,0.0,0.0,0.0,0.0,0.9476965052360721,0.0027247956403269754,0.011307901907356949,0.1,0.6
WTX093-B38-193,548,0.0,0.0,0.0,0.0,0.4405005822694603,0.0,0.8333333333333333,0.0,0.2
WTX093-B38-193,472,0.0,0.0,0.0,0.0,0.42279275678876244,0.0,0.0524904214559387,0.0,0.3
WTX017-B49-75,502,0.5,0.0625,0.07407407407407407,0.0,0.9632463436777153,0.0,0.010288065843621397,0.0,0.2
WTX032-B45-230,494,0.0,0.0,0.0,0.0,0.9868218168038975,0.005128205128205128,0.020113960113960112,0.1,0.6
WTX095-B05-293,467,0.25,0.25,0.2702702702702703,0.17647058823529413,0.9501508348114344,0.05,0.024642857142857143,0.5,0.4
WTX035-B24-76,495,0.0,0.0,0.0,0.0,0.9437204594586042,0.019267822736030827,0.0068278435330458445,1.0,0.5
WTX077-B24-251,494,0.0,0.0,0.0,0.0,0.8929443254911493,0.0,0.020113960113960112,0.0,0.6
WTX035-B22-303,519,0.0,0.0,0.0,0.0,0.9843582640910189,0.013422818791946308,0.011092468307233407,0.2,0.4
WTX060-B05-184,548,0.3333333333333333,0.3333333333333333,0.25,0.0,0.9595440547841767,0.0,0.8333333333333333,0.0,0.2
WTX102-B11-388,479,0.0,0.0,0.0,0.0,0.9009935806445137,0.0,0.06699346405228758,0.0,0.5
WTX020-B20-34,537,0.3333333333333333,0.16666666666666666,0.1388888888888889,0.05263157894736842,0.9832372038090891,0.15488888888888888,0.046,0.6,0.3
WTX014-B11-321,462,0.0,0.0,0.0,0.0,0.35176115374828265,0.0,0.0,0.0,0.0
WTX037-B32-293,534,0.25,0.25,0.2463768115942029,0.0,0.7622636895698832,0.0,0.0,0.0,0.0
WTX086-B44-254,544,0.0,0.0,0.0,0.0,0.8625014338209732,0.003968253968253968,0.026299480697628844,0.2,0.9
WTX049-B50-20,519,0.0,0.0,0.0,0.0,0.9598491740965382,0.006711409395973154,0.011092468307233407,0.1,0.4
WTX064-B48-196,452,0.0,0.0,0.0,0.0,0.9845263284972146,0.0,0.02932672449401074,0.0,0.8
WTX064-B48-196,451,0.5,0.5,0.29411764705882354,0.25,0.9857314340935603,0.18409090909090908,0.27204184704184703,0.5,0.8
WTX051-B26-13,454,0.5,0.5,0.21428571428571427,0.1111111111111111,0.9848698381507857,0.03785714285714285,0.027142857142857142,0.6,0.4
WTX014-B31-524,550,0.0,0.0,0.0,0.0,0.9654174322072525,0.0,0.08069444444444444,0.0,0.6
WTX055-B12-189,526,1.0,0.16666666666666666,0.10638297872340426,0.0,0.942560853757063,0.0,0.004081632653061225,0.0,0.1
WTX005-B48-79,549,0.25,0.125,0.15384615384615385,0.0,0.9565009694305542,0.011301414298689505,0.011307901907356949,0.6,0.6
WTX078-B32-69,537,0.0,0.0,0.0,0.0,0.9541530210363961,0.0,0.046,0.0,0.3
WTX102-B22-133,547,0.5,0.5,0.175,0.0,0.9689924257521872,0.06180555555555556,0.004513888888888889,0.9,0.2
WTX059-B09-72,481,0.0,0.0,0.0,0.0,0.9642381117501082,0.03225806451612903,0.1923963133640553,0.1,0.7
WTX075-B39-322,504,0.3333333333333333,0.06666666666666667,0.09433962264150944,0.0,0.9747261900691266,0.0,0.17824074074074073,0.0,0.5
WTX089-B19-268,491,0.0,0.0,0.0,0.0,0.9476957350743226,0.047619047619047616,0.0,0.1,0.0
WTX047-B39-305,457,0.0,0.0,0.0,0.0,0.6535763296797951,0.004830917874396135,0.001610305958132045,0.1,0.1
WTX018-B14-145,452,0.0,0.0,0.0,0.0,0.9771368842894916,0.0055762081784386614,0.02932672449401074,0.2,0.8
WTX019-B40-24,537,0.3333333333333333,0.03333333333333333,0.06666666666666667,0.05263157894736842,0.9772520688082132,0.0,0.046,0.0,0.3
WTX091-B17-152,478,1.0,0.14285714285714285,0.08888888888888889,0.0,0.9077133180642705,0.0,0.0,0.0,0.0
WTX097-B15-21,541,0.3333333333333333,0.3333333333333333,0.23809523809523808,0.0,0.8195476853926402,0.013882488479262673,0.01347926267281106,0.7,0.7
