HSOAQ,AP880513-0101,101,0,0.0,0.0,0.0,0.0
ZMZFP,AP880513-0101,101,0,0.0,0.0,0.0,0.0
VXDPZ,AP891130-0014,101,0,0.0625,0.14285714285714285,0.0,0.0
VXDPZ,AP890512-0173,101,1,0.21428571428571427,0.42857142857142855,0.25,0.4
HSOAQ,AP890512-0173,101,1,0.21428571428571427,0.42857142857142855,0.3333333333333333,0.5
HSOAQ,AP880513-0101,102,0,0.0625,0.14285714285714285,0.0,0.0
ZMZFP,AP880513-0101,102,0,0.0,0.0,0.0,0.0
VXDPZ,AP891219-0099,103,0,0.09090909090909091,0.5,0.17647058823529413,0.3
HOMFA,AP880226-0220,103,0,0.0,0.0,0.0,0.0
UOPBK,AP880713-0031,103,0,0.0,0.0,0.0,0.0
ZMZFP,AP880423-0081,103,1,0.2222222222222222,1.0,0.1111111111111111,0.2
HSOAQ,AP890509-0192,105,1,0.0,0.0,0.05263157894736842,0.1
ZMZFP,AP891104-0133,105,0,0.0,0.0,0.0,0.0
ZMZFP,AP890720-0241,106,1,0.2,0.6666666666666666,0.25,0.4
HOMFA,AP890720-0241,106,1,0.0,0.0,0.1111111111111111,0.2
UOPBK,AP890629-0030,106,1,0.08333333333333333,0.3333333333333333,0.05263157894736842,0.1
VXDPZ,AP890430-0036,108,1,0.0,0.0,0.0,0.0
ZMZFP,AP880825-0236,108,1,0.08333333333333333,0.3333333333333333,0.1111111111111111,0.2
HOMFA,AP880617-0289,108,0,0.0,0.0,0.0,0.0
HOMFA,AP881124-0125,110,1,0.14285714285714285,0.3333333333333333,0.25,0.4
UOPBK,AP890202-0004,110,1,0.23076923076923078,0.5,0.1111111111111111,0.2
ZMZFP,AP891119-0020,110,1,0.07142857142857142,0.16666666666666666,0.0,0.0
HOMFA,AP891119-0020,110,1,0.06666666666666667,0.16666666666666666,0.1111111111111111,0.2
UOPBK,AP890704-0109,110,1,0.14285714285714285,0.3333333333333333,0.1111111111111111,0.2
HSOAQ,AP890218-0025,110,0,0.06666666666666667,0.16666666666666666,0.1111111111111111,0.2
KIMCZ,AP890205-0052,110,1,0.06666666666666667,0.16666666666666666,0.1111111111111111,0.2
UOPBK,AP880803-0103,110,1,0.06666666666666667,0.16666666666666666,0.0,0.0
HOMFA,AP880803-0103,110,1,0.06666666666666667,0.16666666666666666,0.0,0.0
ZMZFP,AP880216-0127,111,0,0.1111111111111111,0.5,0.05263157894736842,0.1
UOPBK,AP881104-0104,111,1,0.09090909090909091,0.5,0.17647058823529413,0.3
HSOAQ,AP880513-0101,113,0,0.07692307692307693,0.25,0.0,0.0
ZMZFP,AP880513-0101,113,0,0.08333333333333333,0.25,0.0,0.0
UOPBK,AP891212-0076,113,0,0.16666666666666666,0.5,0.05263157894736842,0.1
KIMCZ,AP890419-0092,113,0,0.0,0.0,0.0,0.0
ZMZFP,AP890419-0092,113,0,0.0,0.0,0.0,0.0
HSOAQ,AP880513-0101,114,0,0.07692307692307693,0.25,0.0,0.0
ZMZFP,AP880513-0101,114,0,0.08333333333333333,0.25,0.0,0.0
VXDPZ,AP890728-0157,114,0,0.16666666666666666,0.5,0.05263157894736842,0.1
HOMFA,AP891125-0082,114,1,0.0,0.0,0.05263157894736842,0.1
UOPBK,AP880220-0125,114,0,0.07692307692307693,0.25,0.0,0.0
ZMZFP,AP880220-0125,114,0,0.07692307692307693,0.25,0.0,0.0
UOPBK,AP891212-0076,114,1,0.07692307692307693,0.25,0.05263157894736842,0.1
ZMZFP,AP880318-0173,115,1,0.0,0.0,0.1111111111111111,0.2
UOPBK,AP880823-0008,116,0,0.0,0.0,0.0,0.0
TZUGR,AP891205-0198,117,1,0.14285714285714285,0.25,0.0,0.0
ZMZFP,AP880421-0011,118,0,0.2857142857142857,1.0,0.0,0.0
UOPBK,AP880610-0043,118,0,0.0,0.0,0.0,0.0
ZMZFP,AP880610-0043,118,0,0.0,0.0,0.0,0.0
HSOAQ,AP880825-0156,118,1,0.0,0.0,0.0,0.0
UOPBK,AP890104-0157,119,0,0.08333333333333333,0.3333333333333333,0.0,0.0
VXDPZ,AP881204-0007,119,0,0.0,0.0,0.0,0.0
HOMFA,AP881204-0007,119,0,0.0,0.0,0.0,0.0
DDSCR,AP890927-0033,119,1,0.0,0.0,0.0,0.0
HOMFA,AP890927-0033,119,1,0.08333333333333333,0.3333333333333333,0.0,0.0
HSOAQ,AP880825-0156,119,1,0.0,0.0,0.0,0.0
ZMZFP,AP880421-0011,119,1,0.25,0.6666666666666666,0.0,0.0
UOPBK,AP880610-0043,119,1,0.0,0.0,0.0,0.0
ZMZFP,AP880610-0043,119,1,0.0,0.0,0.0,0.0
HSOAQ,AP880825-0156,120,0,0.07692307692307693,0.25,0.0,0.0
VXDPZ,AP890211-0142,121,1,0.125,0.5,0.0,0.0
HSOAQ,AP880725-0117,121,0,0.09090909090909091,0.5,0.05263157894736842,0.1
HSOAQ,AP880725-0117,122,0,0.06666666666666667,0.16666666666666666,0.0,0.0
HSOAQ,AP880725-0117,123,0,0.0,0.0,0.0,0.0
VXDPZ,AP890719-0025,123,1,0.0,0.0,0.0,0.0
UOPBK,AP890719-0025,123,1,0.0,0.0,0.0,0.0
HSOAQ,AP891009-0097,124,1,0.07692307692307693,0.25,0.0,0.0
HOMFA,AP891009-0097,124,1,0.08333333333333333,0.25,0.0,0.0
HSOAQ,AP880725-0117,124,0,0.07692307692307693,0.25,0.0,0.0
HSOAQ,AP880629-0144,125,0,0.0,0.0,0.0,0.0
KIMCZ,AP880603-0173,125,1,0.16666666666666666,0.5,0.05263157894736842,0.1
ZJDLX,AP880721-0095,125,1,0.0,0.0,0.0,0.0
HSOAQ,AP880721-0095,125,1,0.07692307692307693,0.25,0.0,0.0
VXDPZ,AP880721-0095,125,1,0.0,0.0,0.0,0.0
UOPBK,AP880721-0095,125,1,0.07692307692307693,0.25,0.05263157894736842,0.1
KIMCZ,AP880721-0095,125,1,0.16666666666666666,0.5,0.0,0.0
DDSCR,AP880721-0095,125,1,0.0,0.0,0.0,0.0
ZMZFP,AP880721-0095,125,1,0.09090909090909091,0.25,0.0,0.0
HOMFA,AP880721-0095,125,1,0.07692307692307693,0.25,0.0,0.0
HOMFA,AP890301-0238,125,0,0.07692307692307693,0.25,0.0,0.0
UOPBK,AP880320-0047,126,0,0.07692307692307693,0.25,0.0,0.0
ZMZFP,AP880320-0047,126,0,0.1,0.25,0.0,0.0
KIMCZ,AP890904-0045,126,1,0.0,0.0,0.0,0.0
VXDPZ,AP891208-0058,126,0,0.08333333333333333,0.25,0.0,0.0
ZMZFP,AP891208-0058,126,0,0.09090909090909091,0.25,0.0,0.0
HSOAQ,AP880321-0121,127,0,0.07692307692307693,0.25,0.17647058823529413,0.3
UOPBK,AP880321-0121,127,0,0.07692307692307693,0.25,0.1111111111111111,0.2
ZMZFP,AP880321-0121,127,0,0.07692307692307693,0.25,0.1111111111111111,0.2
ZMZFP,AP880216-0127,127,0,0.09090909090909091,0.25,0.05263157894736842,0.1
UOPBK,AP880420-0181,127,1,0.07692307692307693,0.25,0.25,0.4
HOMFA,AP880420-0181,127,1,0.0,0.0,0.17647058823529413,0.3
UOPBK,AP880531-0026,127,0,0.0,0.0,0.0,0.0
HOMFA,AP891125-0082,129,0,0.0,0.0,0.0,0.0
ZJDLX,AP880609-0179,129,1,0.0,0.0,0.0,0.0
DDSCR,AP880502-0077,130,1,0.1111111111111111,0.25,0.17647058823529413,0.3
ZMZFP,AP880502-0077,130,1,0.1,0.25,0.0,0.0
ZMZFP,AP890313-0100,130,1,0.0,0.0,0.05263157894736842,0.1
HOMFA,AP890313-0100,130,1,0.0,0.0,0.0,0.0
HSOAQ,AP890902-0140,130,1,0.07692307692307693,0.25,0.1111111111111111,0.2
ZMZFP,AP880418-0006,130,1,0.0,0.0,0.0,0.0
VXDPZ,AP881118-0110,130,0,0.0,0.0,0.05263157894736842,0.1
KIMCZ,AP881118-0110,130,0,0.07692307692307693,0.25,0.0,0.0
HOMFA,AP890308-0120,130,1,0.16666666666666666,0.5,0.25,0.4
UOPBK,AP880601-0222,130,1,0.0,0.0,0.0,0.0
HSOAQ,AP890803-0059,132,1,0.0,0.0,0.0,0.0
ZJDLX,AP890412-0121,133,0,0.0,0.0,0.0,0.0
HSOAQ,AP890412-0121,133,0,0.0,0.0,0.0,0.0
KIMCZ,AP880521-0028,133,0,0.0,0.0,0.0,0.0
HOMFA,AP891215-0105,134,0,0.0,0.0,0.0,0.0
HOMFA,AP880215-0223,134,0,0.08333333333333333,0.3333333333333333,0.0,0.0
HOMFA,AP880215-0223,135,0,0.07142857142857142,0.2,0.0,0.0
HSOAQ,AP880727-0195,135,1,0.0,0.0,0.0,0.0
HSOAQ,AP880725-0117,135,1,0.0,0.0,0.0,0.0
VXDPZ,AP881206-0121,137,0,0.0,0.0,0.05263157894736842,0.1
KIMCZ,AP881206-0121,137,0,0.07692307692307693,0.25,0.05263157894736842,0.1
VXDPZ,AP890404-0141,137,0,0.0,0.0,0.0,0.0
ZMZFP,AP880706-0138,137,0,0.0,0.0,0.0,0.0
ZMZFP,AP880421-0011,138,0,0.0,0.0,0.0,0.0
ZMZFP,AP880510-0175,138,0,0.07142857142857142,0.2,0.0,0.0
VXDPZ,AP880930-0069,138,0,0.1111111111111111,0.2,0.17647058823529413,0.3
HSOAQ,AP880930-0069,138,0,0.07142857142857142,0.2,0.17647058823529413,0.3
DDSCR,AP891120-0176,139,1,0.2727272727272727,0.42857142857142855,0.05263157894736842,0.1
UOPBK,AP890522-0296,139,0,0.0,0.0,0.0,0.0
HOMFA,AP890522-0296,139,0,0.0,0.0,0.0,0.0
DDSCR,AP890518-0144,140,0,0.0,0.0,0.0,0.0
VXDPZ,AP881118-0110,140,0,0.0,0.0,0.0,0.0
KIMCZ,AP881118-0110,140,0,0.0,0.0,0.0,0.0
UOPBK,AP890522-0296,140,0,0.07692307692307693,0.25,0.05263157894736842,0.1
HOMFA,AP890522-0296,140,0,0.07692307692307693,0.25,0.0,0.0
HSOAQ,AP890713-0202,140,0,0.0,0.0,0.0,0.0
ZMZFP,AP890713-0202,140,0,0.0,0.0,0.0,0.0
HOMFA,AP890713-0202,140,0,0.0,0.0,0.0,0.0
VXDPZ,AP890430-0036,141,0,0.15384615384615385,0.4,0.0,0.0
ZMZFP,AP880825-0236,141,0,0.15384615384615385,0.4,0.05263157894736842,0.1
HOMFA,AP880829-0248,141,0,0.2727272727272727,0.6,0.17647058823529413,0.3
HOMFA,AP880617-0289,141,0,0.15384615384615385,0.4,0.1111111111111111,0.2
VXDPZ,AP880312-0006,142,1,0.0,0.0,0.05263157894736842,0.1
HSOAQ,AP890629-0038,142,1,0.0,0.0,0.0,0.0
HOMFA,AP890629-0038,142,1,0.07692307692307693,0.16666666666666666,0.0,0.0
HOMFA,AP880604-0024,142,1,0.06666666666666667,0.16666666666666666,0.05263157894736842,0.1
HSOAQ,AP890406-0119,142,0,0.0,0.0,0.0,0.0
VXDPZ,AP890406-0119,142,0,0.0,0.0,0.0,0.0
ZMZFP,AP890406-0119,142,0,0.0,0.0,0.0,0.0
ZJDLX,AP880409-0180,142,1,0.0,0.0,0.0,0.0
VXDPZ,AP880627-0153,142,1,0.06666666666666667,0.16666666666666666,0.1111111111111111,0.2
VXDPZ,AP891124-0188,142,1,0.0,0.0,0.05263157894736842,0.1
HOMFA,AP880617-0289,142,1,0.06666666666666667,0.16666666666666666,0.0,0.0
VXDPZ,AP880916-0032,142,1,0.06666666666666667,0.16666666666666666,0.05263157894736842,0.1
VXDPZ,AP880312-0006,143,1,0.0,0.0,0.0,0.0
HSOAQ,AP890629-0038,143,1,0.0,0.0,0.05263157894736842,0.1
HOMFA,AP890629-0038,143,1,0.0,0.0,0.0,0.0
HOMFA,AP880604-0024,143,1,0.0,0.0,0.0,0.0
HOMFA,AP881213-0156,143,1,0.0,0.0,0.0,0.0
VXDPZ,AP891124-0188,143,0,0.0,0.0,0.05263157894736842,0.1
HOMFA,AP890428-0011,143,1,0.1111111111111111,0.5,0.05263157894736842,0.1
ZMZFP,AP880929-0138,143,1,0.0,0.0,0.0,0.0
VXDPZ,AP891211-0031,144,0,0.0,0.0,0.0,0.0
ZJDLX,AP880528-0031,144,0,0.0,0.0,0.0,0.0
HSOAQ,AP880528-0031,144,0,0.0,0.0,0.0,0.0
HSOAQ,AP880702-0133,144,0,0.0,0.0,0.0,0.0
VXDPZ,AP881119-0060,144,0,0.0,0.0,0.0,0.0
ZMZFP,AP880409-0174,144,0,0.1,0.25,0.0,0.0
UOPBK,AP881027-0186,144,1,0.2727272727272727,0.75,0.1111111111111111,0.2
ZMZFP,AP881027-0186,144,1,0.16666666666666666,0.5,0.0,0.0
HSOAQ,AP890123-0224,144,0,0.07692307692307693,0.25,0.05263157894736842,0.1
VXDPZ,AP881129-0210,145,1,0.07692307692307693,0.25,0.0,0.0
DDSCR,AP880502-0077,145,1,0.1111111111111111,0.25,0.0,0.0
ZMZFP,AP880502-0077,145,1,0.1,0.25,0.0,0.0
HSOAQ,AP890902-0140,145,1,0.07692307692307693,0.25,0.0,0.0
HSOAQ,AP880321-0151,146,1,0.0,0.0,0.1111111111111111,0.2
ZMZFP,AP880920-0161,146,0,0.0,0.0,0.05263157894736842,0.1
HOMFA,AP880920-0161,146,0,0.0,0.0,0.0,0.0
VXDPZ,AP890107-0088,146,0,0.0,0.0,0.1111111111111111,0.2
VXDPZ,AP891104-0005,146,1,0.0,0.0,0.05263157894736842,0.1
UOPBK,AP891104-0005,146,1,0.0,0.0,0.05263157894736842,0.1
HOMFA,AP891104-0005,146,1,0.0,0.0,0.1111111111111111,0.2
UOPBK,AP890403-0101,147,0,0.0,0.0,0.0,0.0
HOMFA,AP890227-0287,147,1,0.08333333333333333,0.3333333333333333,0.0,0.0
UOPBK,AP891229-0186,147,1,0.08333333333333333,0.3333333333333333,0.0,0.0
UOPBK,AP880718-0115,147,1,0.18181818181818182,0.6666666666666666,0.05263157894736842,0.1
HSOAQ,AP880401-0072,148,1,0.08333333333333333,0.3333333333333333,0.0,0.0
ZMZFP,AP880401-0072,148,1,0.1,0.3333333333333333,0.0,0.0
HOMFA,AP880401-0072,148,1,0.09090909090909091,0.3333333333333333,0.0,0.0
ZMZFP,AP880728-0157,148,1,0.1111111111111111,0.3333333333333333,0.0,0.0
ZJDLX,AP880917-0104,148,0,0.0,0.0,0.0,0.0
HSOAQ,AP880917-0104,148,0,0.09090909090909091,0.3333333333333333,0.0,0.0
VXDPZ,AP880917-0104,148,0,0.1,0.3333333333333333,0.0,0.0
UOPBK,AP880917-0104,148,0,0.0,0.0,0.0,0.0
KIMCZ,AP880917-0104,148,0,0.08333333333333333,0.3333333333333333,0.0,0.0
DDSCR,AP880917-0104,148,0,0.0,0.0,0.0,0.0
ZMZFP,AP880917-0104,148,0,0.09090909090909091,0.3333333333333333,0.0,0.0
HOMFA,AP880917-0104,148,0,0.08333333333333333,0.3333333333333333,0.0,0.0
VXDPZ,AP880428-0135,148,0,0.0,0.0,0.0,0.0
DDSCR,AP891127-0132,148,1,0.0,0.0,0.0,0.0
HOMFA,AP891127-0132,148,1,0.0,0.0,0.0,0.0
KIMCZ,AP880630-0145,149,0,0.0,0.0,0.05263157894736842,0.1
ZMZFP,AP880630-0145,149,0,0.0,0.0,0.0,0.0
HOMFA,AP891125-0082,149,0,0.0,0.0,0.0,0.0
ZJDLX,AP880609-0179,149,0,0.0,0.0,0.0,0.0
UOPBK,AP881001-0081,150,0,0.08333333333333333,0.3333333333333333,0.0,0.0
UOPBK,AP880223-0026,150,1,0.18181818181818182,0.6666666666666666,0.17647058823529413,0.3
ZMZFP,AP890325-0114,150,1,0.09090909090909091,0.3333333333333333,0.17647058823529413,0.3
VXDPZ,AP890128-0016,150,0,0.0,0.0,0.0,0.0
UOPBK,AP890128-0016,150,0,0.0,0.0,0.0,0.0
ZJDLX,AP891218-0158,150,0,0.0,0.0,0.0,0.0
KIMCZ,AP891214-0098,151,0,0.0,0.0,0.0,0.0
HSOAQ,AP890107-0063,151,0,0.0,0.0,0.0,0.0
HSOAQ,AP890228-0135,151,0,0.0,0.0,0.0,0.0
HOMFA,AP890228-0135,151,0,0.0,0.0,0.0,0.0
HSOAQ,AP880802-0131,151,0,0.0,0.0,0.0,0.0
HOMFA,AP880802-0131,151,0,0.0,0.0,0.0,0.0
HOMFA,AP890908-0081,151,1,0.0,0.0,0.0,0.0
KIMCZ,AP880606-0073,151,0,0.0,0.0,0.0,0.0
HSOAQ,AP890410-0259,152,1,0.07142857142857142,0.2,0.0,0.0
VXDPZ,AP891215-0107,152,1,0.09090909090909091,0.2,0.05263157894736842,0.1
HOMFA,AP891220-0104,152,0,0.0,0.0,0.0,0.0
VXDPZ,AP890414-0086,152,1,0.1,0.2,0.0,0.0
KIMCZ,AP890414-0086,152,1,0.07142857142857142,0.2,0.0,0.0
HOMFA,AP880726-0143,152,0,0.0,0.0,0.0,0.0
HSOAQ,AP890127-0050,152,0,0.0,0.0,0.0,0.0
VXDPZ,AP890127-0050,152,0,0.0,0.0,0.0,0.0
UOPBK,AP890127-0050,152,0,0.0,0.0,0.0,0.0
ZMZFP,AP890127-0050,152,0,0.0,0.0,0.0,0.0
VXDPZ,AP890405-0035,153,0,0.2,0.3333333333333333,0.1111111111111111,0.2
UOPBK,AP890403-0101,153,0,0.06666666666666667,0.16666666666666666,0.0,0.0
VXDPZ,AP881027-0126,153,0,0.15384615384615385,0.3333333333333333,0.1111111111111111,0.2
DDSCR,AP890729-0052,154,1,0.1,0.5,0.0,0.0
ZMZFP,AP890816-0057,154,1,0.09090909090909091,0.5,0.0,0.0
ZMZFP,AP890817-0039,154,1,0.09090909090909091,0.5,0.1111111111111111,0.2
HOMFA,AP890621-0225,154,0,0.09090909090909091,0.5,0.1111111111111111,0.2
VXDPZ,AP890404-0141,154,1,0.09090909090909091,0.5,0.05263157894736842,0.1
VXDPZ,AP890422-0040,154,1,0.1111111111111111,0.5,0.1111111111111111,0.2
HOMFA,AP890422-0040,154,1,0.09090909090909091,0.5,0.05263157894736842,0.1
VXDPZ,AP890525-0147,154,0,0.09090909090909091,0.5,0.0,0.0
HOMFA,AP890525-0147,154,0,0.09090909090909091,0.5,0.0,0.0
VXDPZ,AP890626-0132,154,1,0.1,0.5,0.05263157894736842,0.1
UOPBK,AP890414-0017,154,1,0.09090909090909091,0.5,0.0,0.0
ZMZFP,AP890414-0017,154,1,0.09090909090909091,0.5,0.0,0.0
HSOAQ,AP890426-0210,154,1,0.09090909090909091,0.5,0.05263157894736842,0.1
VXDPZ,AP881129-0210,155,0,0.0,0.0,0.0,0.0
HSOAQ,AP890722-0115,155,0,0.08333333333333333,0.25,0.0,0.0
ZMZFP,AP890722-0115,155,0,0.09090909090909091,0.25,0.0,0.0
HSOAQ,AP890713-0202,155,0,0.07692307692307693,0.25,0.0,0.0
ZMZFP,AP890713-0202,155,0,0.09090909090909091,0.25,0.0,0.0
HOMFA,AP890713-0202,155,0,0.0,0.0,0.0,0.0
KIMCZ,AP890531-0230,155,0,0.07692307692307693,0.25,0.0,0.0
HOMFA,AP890531-0230,155,0,0.07692307692307693,0.25,0.0,0.0
VXDPZ,AP890308-0225,155,0,0.08333333333333333,0.25,0.0,0.0
UOPBK,AP890522-0296,155,0,0.16666666666666666,0.5,0.0,0.0
HOMFA,AP890522-0296,155,0,0.16666666666666666,0.5,0.05263157894736842,0.1
DDSCR,AP880914-0112,155,0,0.125,0.25,0.0,0.0
KIMCZ,AP891021-0077,156,0,0.07142857142857142,0.2,0.0,0.0
HOMFA,AP880421-0122,156,0,0.0,0.0,0.0,0.0
HSOAQ,AP890228-0135,156,1,0.07142857142857142,0.2,0.0,0.0
HOMFA,AP890228-0135,156,1,0.0,0.0,0.0,0.0
HOMFA,AP890703-0148,156,0,0.0,0.0,0.0,0.0
UOPBK,AP880811-0157,156,0,0.0,0.0,0.0,0.0
HOMFA,AP880811-0157,156,0,0.0,0.0,0.0,0.0
HOMFA,AP881029-0101,156,1,0.0,0.0,0.0,0.0
UOPBK,AP880713-0031,156,1,0.0,0.0,0.0,0.0
HSOAQ,AP890703-0137,157,0,0.0,0.0,0.0,0.0
KIMCZ,AP880613-0034,157,0,0.0,0.0,0.0,0.0
VXDPZ,AP880706-0299,157,0,0.0,0.0,0.0,0.0
HOMFA,AP880421-0122,158,0,0.0,0.0,0.0,0.0
HSOAQ,AP890302-0037,158,0,0.07692307692307693,0.25,0.0,0.0
VXDPZ,AP890308-0220,158,0,0.07692307692307693,0.25,0.0,0.0
HSOAQ,AP890308-0220,158,0,0.07692307692307693,0.25,0.0,0.0
UOPBK,AP890308-0220,158,0,0.07692307692307693,0.25,0.0,0.0
KIMCZ,AP890308-0220,158,0,0.07692307692307693,0.25,0.0,0.0
DDSCR,AP890308-0220,158,0,0.14285714285714285,0.25,0.0,0.0
ZMZFP,AP890308-0220,158,0,0.09090909090909091,0.25,0.0,0.0
HOMFA,AP890308-0220,158,0,0.07692307692307693,0.25,0.0,0.0
ZMZFP,AP891020-0231,159,0,0.0,0.0,0.0,0.0
VXDPZ,AP890202-0227,159,0,0.0,0.0,0.0,0.0
VXDPZ,AP881116-0010,159,0,0.0,0.0,0.0,0.0
HOMFA,AP890817-0173,159,0,0.1,0.3333333333333333,0.0,0.0
UOPBK,AP881209-0034,160,0,0.0,0.0,0.0,0.0
HSOAQ,AP890626-0240,160,0,0.0,0.0,0.0,0.0
UOPBK,AP890626-0240,160,0,0.0,0.0,0.0,0.0
HSOAQ,AP880725-0117,160,0,0.0,0.0,0.0,0.0
HSOAQ,AP890608-0152,161,1,0.0,0.0,0.05263157894736842,0.1
HSOAQ,AP880908-0188,161,1,0.2,1.0,0.1111111111111111,0.2
VXDPZ,AP881123-0283,162,1,0.14285714285714285,0.5,0.05263157894736842,0.1
KIMCZ,AP881123-0283,162,1,0.0,0.0,0.05263157894736842,0.1
UOPBK,AP880823-0204,162,0,0.0,0.0,0.05263157894736842,0.1
DDSCR,AP880823-0204,162,0,0.0,0.0,0.05263157894736842,0.1
KIMCZ,AP890916-0040,162,0,0.0,0.0,0.0,0.0
UOPBK,AP881111-0167,163,1,0.2727272727272727,0.75,0.25,0.4
VXDPZ,AP880809-0056,163,0,0.0,0.0,0.0,0.0
VXDPZ,AP890719-0025,163,1,0.2727272727272727,0.75,0.1111111111111111,0.2
UOPBK,AP890719-0025,163,1,0.2727272727272727,0.75,0.25,0.4
VXDPZ,AP880608-0215,164,0,0.08333333333333333,0.2,0.0,0.0
HOMFA,AP880614-0056,165,0,0.16666666666666666,0.5,0.05263157894736842,0.1
ZMZFP,AP890810-0212,165,0,0.09090909090909091,0.25,0.0,0.0
HSOAQ,AP880325-0237,165,0,0.0,0.0,0.0,0.0
KIMCZ,AP880603-0173,165,0,0.07692307692307693,0.25,0.05263157894736842,0.1
DDSCR,AP890523-0136,166,0,0.0,0.0,0.0,0.0
ZMZFP,AP890226-0022,166,0,0.0,0.0,0.0,0.0
VXDPZ,AP880920-0044,166,1,0.1111111111111111,0.25,0.05263157894736842,0.1
KIMCZ,AP880221-0034,166,0,0.0,0.0,0.0,0.0
UOPBK,AP890311-0159,167,0,0.0,0.0,0.0,0.0
HSOAQ,AP890407-0256,167,0,0.0,0.0,0.0,0.0
HOMFA,AP880310-0268,167,0,0.0,0.0,0.0,0.0
VXDPZ,AP890727-0011,167,1,0.0,0.0,0.05263157894736842,0.1
VXDPZ,AP880809-0056,167,0,0.0,0.0,0.0,0.0
ZJDLX,AP880321-0288,169,0,0.0,0.0,0.0,0.0
VXDPZ,AP880321-0288,169,0,0.0,0.0,0.0,0.0
HSOAQ,AP880321-0288,169,0,0.0,0.0,0.0,0.0
UOPBK,AP880723-0185,169,0,0.07692307692307693,0.25,0.05263157894736842,0.1
HSOAQ,AP891208-0225,169,0,0.0,0.0,0.0,0.0
HOMFA,AP891208-0225,169,0,0.0,0.0,0.0,0.0
KIMCZ,AP880603-0173,172,0,0.058823529411764705,0.125,0.05263157894736842,0.1
HOMFA,AP890301-0238,172,0,0.058823529411764705,0.125,0.25,0.4
ZJDLX,AP880721-0095,172,0,0.0,0.0,0.0,0.0
HSOAQ,AP880721-0095,172,0,0.058823529411764705,0.125,0.0,0.0
VXDPZ,AP880721-0095,172,0,0.0,0.0,0.0,0.0
UOPBK,AP880721-0095,172,0,0.058823529411764705,0.125,0.0,0.0
KIMCZ,AP880721-0095,172,0,0.058823529411764705,0.125,0.0,0.0
DDSCR,AP880721-0095,172,0,0.0,0.0,0.0,0.0
ZMZFP,AP880721-0095,172,0,0.06666666666666667,0.125,0.0,0.0
HOMFA,AP880721-0095,172,0,0.0,0.0,0.0,0.0
UOPBK,AP880711-0175,172,0,0.0,0.0,0.0,0.0
UOPBK,AP880324-0305,172,0,0.058823529411764705,0.125,0.0,0.0
ZMZFP,AP891108-0064,172,0,0.06666666666666667,0.125,0.0,0.0
KIMCZ,AP880603-0173,173,1,0.09090909090909091,0.5,0.17647058823529413,0.3
ZJDLX,AP880721-0095,173,1,0.0,0.0,0.0,0.0
HSOAQ,AP880721-0095,173,1,0.09090909090909091,0.5,0.17647058823529413,0.3
VXDPZ,AP880721-0095,173,1,0.0,0.0,0.1111111111111111,0.2
UOPBK,AP880721-0095,173,1,0.09090909090909091,0.5,0.42857142857142855,0.6
KIMCZ,AP880721-0095,173,1,0.2,1.0,0.3333333333333333,0.5
DDSCR,AP880721-0095,173,1,0.0,0.0,0.0,0.0
ZMZFP,AP880721-0095,173,1,0.1111111111111111,0.5,0.0,0.0
HOMFA,AP880721-0095,173,1,0.0,0.0,0.17647058823529413,0.3
HOMFA,AP890301-0238,173,1,0.09090909090909091,0.5,0.1111111111111111,0.2
UOPBK,AP880324-0305,173,1,0.09090909090909091,0.5,0.25,0.4
ZMZFP,AP891108-0064,173,1,0.1111111111111111,0.5,0.25,0.4
VXDPZ,AP890525-0147,174,0,0.08333333333333333,0.3333333333333333,0.05263157894736842,0.1
HOMFA,AP890525-0147,174,0,0.08333333333333333,0.3333333333333333,0.05263157894736842,0.1
YHZWN,AP880623-0294,174,1,0.2,0.6666666666666666,0.17647058823529413,0.3
SSPNB,AP880623-0294,174,1,0.2,0.6666666666666666,0.25,0.4
TZUGR,AP880623-0294,174,1,0.14285714285714285,0.3333333333333333,0.25,0.4
SNEBC,AP880623-0294,174,1,0.3,1.0,0.25,0.4
BLOPD,AP880623-0294,174,1,0.3,1.0,0.17647058823529413,0.3
HYEAM,AP880623-0294,174,1,0.2222222222222222,0.6666666666666666,0.1111111111111111,0.2
LNLKA,AP880623-0294,174,1,0.375,1.0,0.42857142857142855,0.6
VXDPZ,AP890202-0234,176,1,0.0,0.0,0.0,0.0
VXDPZ,AP880325-0087,176,1,0.0,0.0,0.0,0.0
UOPBK,AP880325-0087,176,1,0.0,0.0,0.0,0.0
KIMCZ,AP891122-0068,178,0,0.09090909090909091,0.5,0.0,0.0
UOPBK,AP880802-0073,178,0,0.09090909090909091,0.5,0.0,0.0
UOPBK,AP881020-0180,178,0,0.0,0.0,0.0,0.0
VXDPZ,AP880916-0032,179,0,0.0,0.0,0.0,0.0
DDSCR,AP891108-0155,179,0,0.1111111111111111,0.2,0.0,0.0
UOPBK,AP880801-0121,180,0,0.0,0.0,0.0,0.0
KIMCZ,AP890205-0052,180,1,0.08333333333333333,0.3333333333333333,0.0,0.0
ZMZFP,AP880302-0232,180,1,0.0,0.0,0.0,0.0
ZMZFP,AP880618-0079,181,0,0.0,0.0,0.0,0.0
UOPBK,AP890403-0101,181,0,0.05,0.09090909090909091,0.0,0.0
VXDPZ,AP880220-0009,181,0,0.0,0.0,0.0,0.0
HOMFA,AP880220-0009,181,0,0.0,0.0,0.0,0.0
HSOAQ,AP890626-0240,181,0,0.05,0.09090909090909091,0.05263157894736842,0.1
UOPBK,AP890626-0240,181,0,0.05,0.09090909090909091,0.05263157894736842,0.1
VXDPZ,AP880428-0135,182,0,0.0,0.0,0.0,0.0
HSOAQ,AP880706-0326,183,1,0.08333333333333333,0.3333333333333333,0.1111111111111111,0.2
HOMFA,AP880614-0056,183,1,0.0,0.0,0.0,0.0
VXDPZ,AP880827-0141,183,0,0.0,0.0,0.0,0.0
UOPBK,AP880827-0141,183,0,0.0,0.0,0.0,0.0
UOPBK,AP891212-0051,184,0,0.0,0.0,0.0,0.0
KIMCZ,AP880622-0316,184,0,0.16666666666666666,0.5,0.1111111111111111,0.2
VXDPZ,AP891219-0099,185,1,0.08333333333333333,0.3333333333333333,0.17647058823529413,0.3
HOMFA,AP880226-0220,185,1,0.0,0.0,0.0,0.0
UOPBK,AP880713-0031,185,0,0.0,0.0,0.0,0.0
ZMZFP,AP880423-0081,185,1,0.2,0.6666666666666666,0.25,0.4
HOMFA,AP880226-0220,186,0,0.0,0.0,0.0,0.0
VXDPZ,AP880920-0044,186,0,0.0,0.0,0.0,0.0
VXDPZ,AP891130-0220,187,0,0.1,0.25,0.0,0.0
HOMFA,AP891130-0220,187,0,0.07692307692307693,0.25,0.0,0.0
ZMZFP,AP880706-0138,187,0,0.08333333333333333,0.25,0.0,0.0
HOMFA,AP880420-0258,187,0,0.07692307692307693,0.25,0.0,0.0
UOPBK,AP890311-0159,187,1,0.07692307692307693,0.25,0.0,0.0
HSOAQ,AP890407-0256,187,1,0.0,0.0,0.0,0.0
UOPBK,AP880313-0097,187,0,0.0,0.0,0.0,0.0
VXDPZ,AP890505-0258,187,1,0.0,0.0,0.0,0.0
VXDPZ,AP890419-0139,188,0,0.0,0.0,0.0,0.0
HOMFA,AP880701-0042,188,1,0.125,0.5,0.0,0.0
VXDPZ,AP880421-0166,188,0,0.0,0.0,0.0,0.0
KIMCZ,AP880421-0166,188,0,0.0,0.0,0.0,0.0
VXDPZ,AP890925-0191,188,1,0.0,0.0,0.0,0.0
HSOAQ,AP890712-0128,189,0,0.0,0.0,0.0,0.0
KIMCZ,AP881024-0053,189,1,0.0,0.0,0.0,0.0
ZMZFP,AP881024-0053,189,1,0.0,0.0,0.0,0.0
HOMFA,AP881024-0053,189,1,0.0,0.0,0.0,0.0
ZMZFP,AP891229-0168,189,1,0.0,0.0,0.0,0.0
HOMFA,AP890126-0068,189,1,0.08333333333333333,0.3333333333333333,0.0,0.0
HOMFA,AP891107-0244,189,1,0.0,0.0,0.0,0.0
UOPBK,AP890802-0190,189,1,0.0,0.0,0.0,0.0
HOMFA,AP880401-0284,189,1,0.0,0.0,0.0,0.0
UOPBK,AP880310-0226,189,1,0.0,0.0,0.0,0.0
UOPBK,AP881206-0088,189,1,0.08333333333333333,0.3333333333333333,0.0,0.0
HOMFA,AP890712-0145,189,1,0.08333333333333333,0.3333333333333333,0.0,0.0
VXDPZ,AP880225-0196,189,1,0.0,0.0,0.0,0.0
ZMZFP,AP880225-0196,189,1,0.0,0.0,0.0,0.0
HSOAQ,AP891130-0175,189,1,0.0,0.0,0.0,0.0
UOPBK,AP891130-0175,189,1,0.0,0.0,0.0,0.0
UOPBK,AP880411-0049,189,0,0.08333333333333333,0.3333333333333333,0.0,0.0
VXDPZ,AP891223-0097,189,0,0.0,0.0,0.0,0.0
HOMFA,AP891223-0097,189,0,0.0,0.0,0.0,0.0
HOMFA,AP891113-0164,189,1,0.0,0.0,0.0,0.0
ZMZFP,AP890720-0241,190,0,0.0,0.0,0.05263157894736842,0.1
HOMFA,AP890720-0241,190,0,0.09090909090909091,0.25,0.05263157894736842,0.1
HSOAQ,AP890202-0029,190,0,0.07692307692307693,0.25,0.05263157894736842,0.1
HOMFA,AP890919-0211,190,0,0.07692307692307693,0.25,0.0,0.0
HSOAQ,AP890209-0263,191,1,0.0,0.0,0.0,0.0
KIMCZ,AP890419-0092,191,1,0.0,0.0,0.0,0.0
ZMZFP,AP890419-0092,191,1,0.0,0.0,0.0,0.0
VXDPZ,AP880920-0044,191,0,0.0,0.0,0.0,0.0
UOPBK,AP880711-0175,191,0,0.0,0.0,0.0,0.0
DDSCR,AP890729-0052,192,0,0.2,0.6666666666666666,0.05263157894736842,0.1
HOMFA,AP890619-0215,192,1,0.3333333333333333,1.0,0.05263157894736842,0.1
ZMZFP,AP890816-0057,192,0,0.3,1.0,0.1111111111111111,0.2
HOMFA,AP890621-0225,192,0,0.3,1.0,0.1111111111111111,0.2
VXDPZ,AP890404-0141,192,0,0.3,1.0,0.05263157894736842,0.1
VXDPZ,AP890422-0040,192,1,0.375,1.0,0.17647058823529413,0.3
HOMFA,AP890422-0040,192,1,0.3,1.0,0.25,0.4
VXDPZ,AP890525-0147,192,0,0.18181818181818182,0.6666666666666666,0.1111111111111111,0.2
HOMFA,AP890525-0147,192,0,0.3,1.0,0.1111111111111111,0.2
ZMZFP,AP890416-0082,192,1,0.375,1.0,0.1111111111111111,0.2
HSOAQ,AP890426-0210,192,1,0.3,1.0,0.05263157894736842,0.1
VXDPZ,AP891023-0111,193,1,0.0,0.0,0.0,0.0
UOPBK,AP890403-0101,193,0,0.0,0.0,0.0,0.0
HSOAQ,AP881013-0147,193,1,0.0,0.0,0.05263157894736842,0.1
KIMCZ,AP891214-0098,193,0,0.0,0.0,0.0,0.0
HOMFA,AP890711-0158,193,1,0.08333333333333333,0.3333333333333333,0.05263157894736842,0.1
VXDPZ,AP881026-0117,193,0,0.0,0.0,0.0,0.0
UOPBK,AP880326-0137,194,0,0.0,0.0,0.0,0.0
HOMFA,AP880908-0152,194,0,0.08333333333333333,0.25,0.0,0.0
VXDPZ,AP880530-0182,194,0,0.0,0.0,0.0,0.0
KIMCZ,AP890901-0017,194,0,0.0,0.0,0.0,0.0
KIMCZ,AP890918-0032,195,0,0.0625,0.14285714285714285,0.0,0.0
ZMZFP,AP890918-0032,195,0,0.06666666666666667,0.14285714285714285,0.0,0.0
HSOAQ,AP890509-0192,195,1,0.0625,0.14285714285714285,0.1111111111111111,0.2
UOPBK,AP880414-0285,195,1,0.13333333333333333,0.2857142857142857,0.1111111111111111,0.2
ZMZFP,AP891104-0133,195,1,0.15384615384615385,0.2857142857142857,0.05263157894736842,0.1
HSOAQ,AP890424-0284,195,1,0.13333333333333333,0.2857142857142857,0.05263157894736842,0.1
VXDPZ,AP890424-0284,195,1,0.09090909090909091,0.14285714285714285,0.0,0.0
ZJDLX,AP890424-0284,195,1,0.0,0.0,0.0,0.0
UOPBK,AP890424-0284,195,1,0.13333333333333333,0.2857142857142857,0.0,0.0
KIMCZ,AP890424-0284,195,1,0.0625,0.14285714285714285,0.05263157894736842,0.1
DDSCR,AP890424-0284,195,1,0.2,0.2857142857142857,0.05263157894736842,0.1
ZMZFP,AP890424-0284,195,1,0.2727272727272727,0.42857142857142855,0.05263157894736842,0.1
HOMFA,AP890424-0284,195,1,0.13333333333333333,0.2857142857142857,0.0,0.0
HOMFA,AP890828-0248,195,1,0.13333333333333333,0.2857142857142857,0.0,0.0
VXDPZ,AP880421-0310,195,1,0.23076923076923078,0.42857142857142855,0.1111111111111111,0.2
HSOAQ,AP880622-0299,197,0,0.0,0.0,0.0,0.0
UOPBK,AP880622-0299,197,0,0.0,0.0,0.0,0.0
HSOAQ,AP880629-0144,197,1,0.0,0.0,0.0,0.0
HOMFA,AP890324-0215,197,1,0.0,0.0,0.0,0.0
KIMCZ,AP891214-0098,197,0,0.0,0.0,0.0,0.0
HOMFA,AP880215-0223,198,0,0.07692307692307693,0.25,0.0,0.0
HSOAQ,AP880727-0195,198,1,0.0,0.0,0.0,0.0
HSOAQ,AP891009-0097,198,1,0.07692307692307693,0.25,0.0,0.0
HOMFA,AP891009-0097,198,1,0.08333333333333333,0.25,0.0,0.0
HSOAQ,AP880725-0117,198,1,0.0,0.0,0.0,0.0
HOMFA,AP890524-0142,199,0,0.0,0.0,0.0,0.0
UOPBK,AP881121-0106,199,0,0.0,0.0,0.0,0.0
HOMFA,AP881104-0070,199,0,0.0,0.0,0.0,0.0
HSOAQ,AP880629-0144,199,0,0.0,0.0,0.05263157894736842,0.1
UOPBK,AP880413-0234,199,0,0.0,0.0,0.0,0.0
KIMCZ,AP890904-0045,199,0,0.0,0.0,0.0,0.0
UOPBK,AP880713-0031,199,0,0.0,0.0,0.0,0.0
HSOAQ,AP880226-0015,200,0,0.0,0.0,0.0,0.0
ZMZFP,GX012-70-1701308,701,0,0.1,0.3333333333333333,0.0,0.0
ZMZFP,GX008-69-13596389,705,2,0.16666666666666666,0.5,0.05263157894736842,0.1
HOMFA,GX268-52-2344040,706,0,0.0,0.0,0.0,0.0
HOMFA,GX253-15-11384719,710,1,0.16666666666666666,0.6666666666666666,0.05263157894736842,0.1
UOPBK,GX000-41-7085133,712,0,0.0,0.0,0.0,0.0
UOPBK,GX238-51-14158726,712,2,0.2,1.0,0.3333333333333333,0.5
KIMCZ,GX095-39-11484782,713,0,0.16666666666666666,0.5,0.0,0.0
VXDPZ,GX011-80-1074652,714,0,0.16666666666666666,0.5,0.0,0.0
ZJDLX,GX011-80-1074652,714,0,0.0,0.0,0.0,0.0
HSOAQ,GX011-80-1074652,714,0,0.07692307692307693,0.25,0.0,0.0
UOPBK,GX011-80-1074652,714,0,0.16666666666666666,0.5,0.0,0.0
KIMCZ,GX011-80-1074652,714,0,0.16666666666666666,0.5,0.0,0.0
DDSCR,GX011-80-1074652,714,0,0.09090909090909091,0.25,0.0,0.0
ZMZFP,GX011-80-1074652,714,0,0.0,0.0,0.0,0.0
HOMFA,GX011-80-1074652,714,0,0.1,0.25,0.0,0.0
HSOAQ,GX162-40-16201712,716,0,0.0,0.0,0.0,0.0
VXDPZ,GX019-34-11505888,716,2,0.0,0.0,0.1111111111111111,0.2
KIMCZ,GX269-69-7323852,717,1,0.2727272727272727,0.75,0.0,0.0
VXDPZ,GX182-30-10232398,717,0,0.0,0.0,0.0,0.0
ZJDLX,GX009-91-3983369,718,0,0.0,0.0,0.0,0.0
HSOAQ,GX037-41-11641254,720,1,0.08333333333333333,0.3333333333333333,0.25,0.4
VXDPZ,GX263-35-6742201,723,0,0.0,0.0,0.0,0.0
HOMFA,GX263-35-6742201,723,0,0.0,0.0,0.0,0.0
HSOAQ,GX239-77-15534054,725,1,0.07142857142857142,0.2,0.0,0.0
ZMZFP,GX059-58-1690569,726,1,0.2,0.6666666666666666,0.17647058823529413,0.3
YHZWN,GX007-93-12310235,726,1,0.0,0.0,0.0,0.0
SSPNB,GX007-93-12310235,726,1,0.0,0.0,0.05263157894736842,0.1
TZUGR,GX007-93-12310235,726,1,0.25,0.3333333333333333,0.1111111111111111,0.2
LTSZL,GX007-93-12310235,726,1,0.0,0.0,0.0,0.0
QQKEF,GX007-93-12310235,726,1,0.3333333333333333,0.3333333333333333,0.1111111111111111,0.2
SNEBC,GX007-93-12310235,726,1,0.0,0.0,0.0,0.0
BLOPD,GX007-93-12310235,726,1,0.0,0.0,0.0,0.0
HYEAM,GX007-93-12310235,726,1,0.0,0.0,0.0,0.0
LNLKA,GX007-93-12310235,726,1,0.0,0.0,0.0,0.0
HOMFA,GX007-93-12310235,726,1,0.2222222222222222,0.6666666666666666,0.17647058823529413,0.3
HSOAQ,GX005-53-8274005,728,1,0.0,0.0,0.05263157894736842,0.1
HOMFA,GX005-53-8274005,728,1,0.0,0.0,0.0,0.0
ZMZFP,GX041-11-8127547,732,1,0.1,0.5,0.0,0.0
VXDPZ,GX255-80-12989449,734,1,0.0,0.0,0.0,0.0
HOMFA,GX255-80-12989449,734,1,0.0,0.0,0.0,0.0
VXDPZ,GX004-85-15927668,736,1,0.0,0.0,0.05263157894736842,0.1
ZMZFP,GX004-85-15927668,736,1,0.0,0.0,0.1111111111111111,0.2
UOPBK,GX241-06-4201661,736,1,0.08333333333333333,0.3333333333333333,0.05263157894736842,0.1
UOPBK,GX043-24-11458081,741,1,0.2,1.0,0.25,0.4
DDSCR,GX043-24-11458081,741,1,0.2222222222222222,1.0,0.3333333333333333,0.5
VXDPZ,GX002-31-7845435,744,0,0.0,0.0,0.0,0.0
HOMFA,GX002-31-7845435,744,0,0.0,0.0,0.0,0.0
VXDPZ,GX012-07-7065390,748,0,0.2222222222222222,0.6666666666666666,0.1111111111111111,0.2
UOPBK,GX013-29-16065442,749,0,0.18181818181818182,0.6666666666666666,0.1111111111111111,0.2
DDSCR,GX025-50-13449872,751,0,0.0,0.0,0.0,0.0
KIMCZ,GX025-50-13449872,751,0,0.0,0.0,0.0,0.0
HOMFA,GX237-83-3259184,754,2,0.08333333333333333,0.3333333333333333,0.05263157894736842,0.1
VXDPZ,GX028-51-7031655,756,1,0.0,0.0,0.1111111111111111,0.2
ZMZFP,GX028-51-7031655,756,1,0.0,0.0,0.0,0.0
UOPBK,GX039-61-13743625,756,0,0.09090909090909091,0.5,0.0,0.0
UOPBK,GX010-22-12488512,756,2,0.18181818181818182,1.0,0.25,0.4
UOPBK,GX051-11-11608435,757,1,0.0,0.0,0.0,0.0
ZMZFP,GX051-11-11608435,757,1,0.0,0.0,0.0,0.0
UOPBK,GX038-08-1047355,759,0,0.0,0.0,0.0,0.0
KIMCZ,GX038-08-1047355,759,0,0.0,0.0,0.0,0.0
VXDPZ,GX248-61-4740968,767,1,0.2857142857142857,0.6666666666666666,0.05263157894736842,0.1
UOPBK,GX248-61-4740968,767,1,0.18181818181818182,0.6666666666666666,0.25,0.4
HOMFA,GX248-61-4740968,767,1,0.3333333333333333,0.6666666666666666,0.25,0.4
HOMFA,GX062-64-5997432,770,1,0.07142857142857142,0.25,0.0,0.0
HOMFA,GX005-66-14275144,775,1,0.09090909090909091,0.3333333333333333,0.0,0.0
VXDPZ,GX244-07-12005999,788,2,0.0,0.0,0.1111111111111111,0.2
HSOAQ,GX244-07-12005999,788,2,0.0,0.0,0.1111111111111111,0.2
UOPBK,GX248-12-6205349,789,1,0.3,1.0,0.17647058823529413,0.3
HOMFA,GX248-12-6205349,789,1,0.3333333333333333,1.0,0.25,0.4
HSOAQ,GX058-10-5669493,791,1,0.07692307692307693,0.25,0.05263157894736842,0.1
HOMFA,GX249-32-15302501,794,0,0.0,0.0,0.0,0.0
ZJDLX,GX244-55-7689023,796,0,0.0,0.0,0.0,0.0
HOMFA,GX244-55-7689023,796,0,0.15384615384615385,0.4,0.0,0.0
HOMFA,GX181-71-0463042,799,0,0.0,0.0,0.0,0.0
VXDPZ,GX010-11-11242343,804,1,0.14285714285714285,0.3333333333333333,0.3333333333333333,0.5
ZJDLX,GX010-11-11242343,804,1,0.0,0.0,0.0,0.0
HSOAQ,GX010-11-11242343,804,1,0.18181818181818182,0.6666666666666666,0.42857142857142855,0.6
DDSCR,GX010-11-11242343,804,1,0.125,0.3333333333333333,0.05263157894736842,0.1
UOPBK,GX010-11-11242343,804,1,0.18181818181818182,0.6666666666666666,0.25,0.4
KIMCZ,GX010-11-11242343,804,1,0.18181818181818182,0.6666666666666666,0.5384615384615384,0.7
ZMZFP,GX010-11-11242343,804,1,0.2,0.6666666666666666,0.5384615384615384,0.7
HOMFA,GX010-11-11242343,804,1,0.3,1.0,0.5384615384615384,0.7
ZMZFP,GX045-70-1117628,819,0,0.125,0.5,0.0,0.0
UOPBK,GX047-87-9197196,820,1,0.18181818181818182,0.6666666666666666,0.3333333333333333,0.5
HOMFA,GX042-57-4197908,824,2,0.18181818181818182,0.6666666666666666,0.05263157894736842,0.1
KIMCZ,GX028-26-7874309,824,1,0.3,1.0,0.42857142857142855,0.6
ZMZFP,GX271-30-5088287,830,0,0.0,0.0,0.0,0.0
KIMCZ,GX039-10-5518006,832,1,0.18181818181818182,0.6666666666666666,0.05263157894736842,0.1
ZMZFP,GX039-10-5518006,832,1,0.18181818181818182,0.6666666666666666,0.1111111111111111,0.2
VXDPZ,GX056-58-7243426,839,0,0.0,0.0,0.0,0.0
UOPBK,GX099-91-1066558,843,0,0.0,0.0,0.0,0.0
HOMFA,FT923-3617,301,0,0.0,0.0,0.0,0.0
ZMZFP,FBIS3-41220,301,1,0.0,0.0,0.0,0.0
ZMZFP,FT921-5044,304,1,0.18181818181818182,0.6666666666666666,0.0,0.0
HOMFA,FR941207-1-00023,304,0,0.2,0.6666666666666666,0.05263157894736842,0.1
HSOAQ,FR940217-2-00013,304,0,0.08333333333333333,0.3333333333333333,0.05263157894736842,0.1
KIMCZ,FR940217-2-00013,304,0,0.08333333333333333,0.3333333333333333,0.05263157894736842,0.1
ZMZFP,FBIS3-4361,307,1,0.09090909090909091,0.3333333333333333,0.0,0.0
VXDPZ,FT942-4421,307,1,0.0,0.0,0.0,0.0
ZMZFP,FT942-4421,307,1,0.0,0.0,0.0,0.0
UOPBK,FT924-979,308,0,0.0,0.0,0.0,0.0
VXDPZ,FT921-12562,309,0,0.09090909090909091,0.5,0.0,0.0
ZMZFP,FT921-12562,309,0,0.0,0.0,0.0,0.0
KIMCZ,FT921-4613,313,0,0.08333333333333333,0.3333333333333333,0.0,0.0
ZMZFP,FBIS3-20897,313,1,0.18181818181818182,0.6666666666666666,0.17647058823529413,0.3
HSOAQ,LA071190-0129,313,1,0.18181818181818182,0.6666666666666666,0.17647058823529413,0.3
KIMCZ,LA071190-0129,313,1,0.18181818181818182,0.6666666666666666,0.17647058823529413,0.3
KIMCZ,FT934-2957,314,0,0.0,0.0,0.0,0.0
ZMZFP,FT934-2957,314,0,0.0,0.0,0.0,0.0
VXDPZ,LA040789-0040,314,0,0.0,0.0,0.0,0.0
ZMZFP,LA040789-0040,314,0,0.0,0.0,0.0,0.0
HSOAQ,FR940217-2-00013,314,0,0.09090909090909091,0.5,0.0,0.0
KIMCZ,FR940217-2-00013,314,0,0.09090909090909091,0.5,0.0,0.0
VXDPZ,FT923-437,314,0,0.0,0.0,0.0,0.0
UOPBK,FT923-437,314,0,0.0,0.0,0.0,0.0
VXDPZ,LA042090-0123,315,0,0.08333333333333333,0.3333333333333333,0.0,0.0
HOMFA,LA051489-0205,315,0,0.0,0.0,0.0,0.0
HSOAQ,FT931-11616,318,0,0.0,0.0,0.0,0.0
UOPBK,FT932-8409,319,1,0.08333333333333333,0.3333333333333333,0.05263157894736842,0.1
ZMZFP,FT932-8409,319,1,0.0,0.0,0.0,0.0
HOMFA,LA071390-0053,320,0,0.0,0.0,0.0,0.0
ZMZFP,FBIS4-33288,320,0,0.0,0.0,0.0,0.0
DDSCR,FT923-12937,321,0,0.0,0.0,0.0,0.0
HOMFA,FT923-12937,321,0,0.0,0.0,0.0,0.0
HSOAQ,FT923-8257,321,0,0.0,0.0,0.0,0.0
ZMZFP,FBIS4-5631,321,1,0.0,0.0,0.0,0.0
UOPBK,LA100590-0009,323,0,0.08333333333333333,0.3333333333333333,0.0,0.0
HOMFA,FT924-2356,325,0,0.0,0.0,0.0,0.0
HOMFA,FBIS4-6232,325,0,0.0,0.0,0.0,0.0
VXDPZ,LA012490-0048,326,0,0.0,0.0,0.0,0.0
UOPBK,FT944-5248,326,1,0.0,0.0,0.05263157894736842,0.1
HOMFA,FT944-5248,326,1,0.0,0.0,0.0,0.0
ZMZFP,FT944-15143,326,1,0.09090909090909091,0.5,0.05263157894736842,0.1
HOMFA,FT944-15143,326,1,0.09090909090909091,0.5,0.1111111111111111,0.2
KIMCZ,FT922-5274,327,0,0.0,0.0,0.0,0.0
HOMFA,FT922-5274,327,0,0.0,0.0,0.0,0.0
HOMFA,FT921-14761,328,0,0.0,0.0,0.0,0.0
VXDPZ,LA081190-0094,329,0,0.2222222222222222,0.6666666666666666,0.25,0.4
HOMFA,LA081190-0094,329,0,0.2,0.6666666666666666,0.25,0.4
HOMFA,FT924-8113,330,0,0.08333333333333333,0.3333333333333333,0.05263157894736842,0.1
KIMCZ,FT923-10363,331,0,0.0,0.0,0.0,0.0
VXDPZ,FT942-4421,331,1,0.18181818181818182,0.6666666666666666,0.0,0.0
ZMZFP,FT942-4421,331,1,0.0,0.0,0.0,0.0
VXDPZ,FBIS4-53910,331,0,0.125,0.3333333333333333,0.0,0.0
VXDPZ,LA122889-0074,331,0,0.0,0.0,0.0,0.0
HOMFA,LA122889-0074,331,0,0.0,0.0,0.0,0.0
UOPBK,FT943-15585,331,1,0.18181818181818182,0.6666666666666666,0.0,0.0
ZMZFP,FBIS4-40530,331,0,0.0,0.0,0.0,0.0
VXDPZ,FT933-7879,331,1,0.3,1.0,0.17647058823529413,0.3
ZMZFP,FT933-7879,331,1,0.3333333333333333,1.0,0.1111111111111111,0.2
HSOAQ,FT934-5147,332,0,0.18181818181818182,0.6666666666666666,0.0,0.0
HOMFA,LA083089-0044,332,1,0.2,0.6666666666666666,0.0,0.0
UOPBK,FBIS4-33117,332,0,0.08333333333333333,0.3333333333333333,0.0,0.0
HOMFA,FBIS4-62259,332,0,0.18181818181818182,0.6666666666666666,0.0,0.0
HSOAQ,LA050290-0059,333,0,0.08333333333333333,0.3333333333333333,0.0,0.0
VXDPZ,FT923-437,333,0,0.0,0.0,0.0,0.0
UOPBK,FT923-437,333,0,0.0,0.0,0.0,0.0
KIMCZ,FT924-4322,334,0,0.0,0.0,0.0,0.0
HOMFA,FT924-4322,334,0,0.0,0.0,0.0,0.0
HOMFA,FT924-2356,336,0,0.0,0.0,0.0,0.0
UOPBK,FBIS3-2746,337,0,0.0,0.0,0.0,0.0
VXDPZ,LA082989-0016,338,0,0.0,0.0,0.0,0.0
ZMZFP,LA082989-0016,338,0,0.0,0.0,0.0,0.0
ZJDLX,FR940318-0-00101,338,0,0.0,0.0,0.0,0.0
VXDPZ,FR940318-0-00101,338,0,0.0,0.0,0.0,0.0
HSOAQ,FR940318-0-00101,338,0,0.0,0.0,0.0,0.0
UOPBK,FR940318-0-00101,338,0,0.0,0.0,0.0,0.0
KIMCZ,FR940318-0-00101,338,0,0.0,0.0,0.0,0.0
DDSCR,FR940318-0-00101,338,0,0.0,0.0,0.0,0.0
ZMZFP,FR940318-0-00101,338,0,0.0,0.0,0.0,0.0
HOMFA,FR940318-0-00101,338,0,0.0,0.0,0.0,0.0
HSOAQ,FT923-6521,338,0,0.0,0.0,0.0,0.0
ZMZFP,FT921-5044,340,0,0.0,0.0,0.0,0.0
ZMZFP,LA070989-0158,340,0,0.0,0.0,0.0,0.0
VXDPZ,FT944-4092,340,0,0.0,0.0,0.0,0.0
ZMZFP,FT944-4092,340,0,0.0,0.0,0.0,0.0
KIMCZ,FT923-10363,343,1,0.2,1.0,0.0,0.0
VXDPZ,FBIS3-60778,343,1,0.2,1.0,0.05263157894736842,0.1
HSOAQ,FBIS3-60778,343,1,0.2,1.0,0.0,0.0
VXDPZ,FT941-5245,344,0,0.0,0.0,0.0,0.0
KIMCZ,FT924-4322,344,0,0.0,0.0,0.0,0.0
HOMFA,FT924-4322,344,0,0.0,0.0,0.0,0.0
ZMZFP,FT921-5044,347,0,0.0,0.0,0.0,0.0
HOMFA,FR941207-1-00023,347,0,0.1,0.5,0.05263157894736842,0.1
UOPBK,FT924-1255,348,0,0.0,0.0,0.0,0.0
UOPBK,FT924-979,349,0,0.0,0.0,0.0,0.0
HSOAQ,LA100690-0107,350,1,0.18181818181818182,0.6666666666666666,0.0,0.0
ZMZFP,LA100690-0107,350,1,0.09090909090909091,0.3333333333333333,0.0,0.0
ZMZFP,FR940405-1-00092,350,0,0.08333333333333333,0.3333333333333333,0.0,0.0
DDSCR,FT923-12937,351,0,0.09090909090909091,0.3333333333333333,0.0,0.0
HOMFA,FT923-12937,351,0,0.1111111111111111,0.3333333333333333,0.0,0.0
VXDPZ,FT944-18682,352,0,0.0,0.0,0.0,0.0
VXDPZ,FT943-12288,352,0,0.0,0.0,0.0,0.0
YHZWN,FT934-3952,352,0,0.08333333333333333,0.3333333333333333,0.05263157894736842,0.1
SSPNB,FT934-3952,352,0,0.08333333333333333,0.3333333333333333,0.05263157894736842,0.1
TZUGR,FT934-3952,352,0,0.0,0.0,0.05263157894736842,0.1
LTSZL,FT934-3952,352,0,0.0,0.0,0.05263157894736842,0.1
QQKEF,FT934-3952,352,0,0.0,0.0,0.05263157894736842,0.1
SNEBC,FT934-3952,352,0,0.0,0.0,0.05263157894736842,0.1
BLOPD,FT934-3952,352,0,0.0,0.0,0.05263157894736842,0.1
HYEAM,FT934-3952,352,0,0.0,0.0,0.05263157894736842,0.1
LNLKA,FT934-3952,352,0,0.0,0.0,0.05263157894736842,0.1
VXDPZ,FT942-768,352,0,0.0,0.0,0.0,0.0
HSOAQ,FT942-768,352,0,0.0,0.0,0.0,0.0
ZMZFP,FT942-768,352,0,0.0,0.0,0.0,0.0
VXDPZ,FT944-4092,353,0,0.0,0.0,0.0,0.0
ZMZFP,FT944-4092,353,0,0.0,0.0,0.0,0.0
ZMZFP,LA060390-0073,354,1,0.0,0.0,0.0,0.0
HSOAQ,FBIS3-33282,354,1,0.0,0.0,0.0,0.0
KIMCZ,FBIS3-33282,354,1,0.0,0.0,0.0,0.0
HOMFA,FBIS3-33282,354,1,0.0,0.0,0.0,0.0
VXDPZ,FBIS4-10906,354,1,0.0,0.0,0.0,0.0
ZMZFP,LA081489-0040,354,0,0.0,0.0,0.0,0.0
HSOAQ,FR940217-2-00013,355,0,0.0,0.0,0.0,0.0
KIMCZ,FR940217-2-00013,355,0,0.0,0.0,0.0,0.0
VXDPZ,FT944-4092,355,0,0.0,0.0,0.0,0.0
ZMZFP,FT944-4092,355,0,0.0,0.0,0.0,0.0
HSOAQ,FT923-8257,356,0,0.0,0.0,0.0,0.0
UOPBK,FT924-979,356,1,0.0,0.0,0.0,0.0
HSOAQ,FBIS3-48894,357,0,0.0,0.0,0.25,0.4
DDSCR,FBIS3-48894,357,0,0.0,0.0,0.1111111111111111,0.2
UOPBK,FBIS4-39383,357,1,0.0,0.0,0.0,0.0
DDSCR,FT923-12937,357,1,0.0,0.0,0.0,0.0
HOMFA,FT923-12937,357,1,0.0,0.0,0.0,0.0
VXDPZ,FT924-4768,357,0,0.0,0.0,0.0,0.0
ZMZFP,FBIS4-52309,357,1,0.0,0.0,0.0,0.0
VXDPZ,FT944-4092,357,0,0.0,0.0,0.0,0.0
ZMZFP,FT944-4092,357,0,0.08333333333333333,0.3333333333333333,0.1111111111111111,0.2
HSOAQ,FBIS3-41598,357,0,0.0,0.0,0.0,0.0
HOMFA,FBIS3-41598,357,0,0.0,0.0,0.0,0.0
VXDPZ,LA042090-0123,358,0,0.0,0.0,0.0,0.0
KIMCZ,LA091289-0112,360,0,0.0,0.0,0.05263157894736842,0.1
UOPBK,LA031789-0039,360,0,0.0,0.0,0.0,0.0
KIMCZ,FT941-5957,361,0,0.0,0.0,0.0,0.0
HSOAQ,LA111190-0027,362,0,0.0,0.0,0.0,0.0
ZJDLX,FBIS3-39240,362,0,0.0,0.0,0.0,0.0
HSOAQ,FBIS3-39240,362,0,0.0,0.0,0.0,0.0
VXDPZ,FBIS3-39240,362,0,0.0,0.0,0.0,0.0
UOPBK,FBIS3-39240,362,0,0.0,0.0,0.0,0.0
KIMCZ,FBIS3-39240,362,0,0.0,0.0,0.0,0.0
DDSCR,FBIS3-39240,362,0,0.0,0.0,0.0,0.0
ZMZFP,FBIS3-39240,362,0,0.0,0.0,0.0,0.0
HOMFA,FBIS3-39240,362,0,0.0,0.0,0.0,0.0
HOMFA,FBIS4-2353,362,1,0.1,0.5,0.17647058823529413,0.3
UOPBK,FT944-5248,363,0,0.08333333333333333,0.3333333333333333,0.0,0.0
HOMFA,FT944-5248,363,0,0.08333333333333333,0.3333333333333333,0.0,0.0
YHZWN,FT934-3952,363,0,0.08333333333333333,0.3333333333333333,0.0,0.0
SSPNB,FT934-3952,363,0,0.08333333333333333,0.3333333333333333,0.0,0.0
TZUGR,FT934-3952,363,0,0.1,0.3333333333333333,0.0,0.0
LTSZL,FT934-3952,363,0,0.0,0.0,0.0,0.0
QQKEF,FT934-3952,363,0,0.08333333333333333,0.3333333333333333,0.0,0.0
SNEBC,FT934-3952,363,0,0.08333333333333333,0.3333333333333333,0.0,0.0
BLOPD,FT934-3952,363,0,0.09090909090909091,0.3333333333333333,0.0,0.0
HYEAM,FT934-3952,363,0,0.1111111111111111,0.3333333333333333,0.0,0.0
LNLKA,FT934-3952,363,0,0.08333333333333333,0.3333333333333333,0.0,0.0
HOMFA,LA071590-0193,363,0,0.0,0.0,0.0,0.0
KIMCZ,FT944-3758,364,0,0.0,0.0,0.0,0.0
HOMFA,FT943-13239,366,0,0.0,0.0,0.0,0.0
HSOAQ,FR940111-2-00031,366,1,0.0,0.0,0.0,0.0
UOPBK,LA102289-0049,367,0,0.0,0.0,0.0,0.0
ZMZFP,LA102289-0049,367,0,0.0,0.0,0.0,0.0
UOPBK,FT944-5248,367,0,0.0,0.0,0.0,0.0
HOMFA,FT944-5248,367,0,0.0,0.0,0.0,0.0
ZMZFP,FBIS4-33288,367,1,0.0,0.0,0.0,0.0
KIMCZ,FT924-4322,367,0,0.1,1.0,0.1111111111111111,0.2
HOMFA,FT924-4322,367,0,0.1,1.0,0.05263157894736842,0.1
KIMCZ,FR940913-0-00011,369,0,0.0,0.0,0.0,0.0
HOMFA,FT943-13263,370,0,0.0,0.0,0.0,0.0
HSOAQ,LA050290-0059,370,1,0.08333333333333333,0.3333333333333333,0.0,0.0
HOMFA,LA061090-0221,370,0,0.08333333333333333,0.3333333333333333,0.0,0.0
ZMZFP,LA111690-0058,370,0,0.0,0.0,0.0,0.0
HSOAQ,FR940525-1-00060,370,1,0.0,0.0,0.05263157894736842,0.1
UOPBK,FR940525-1-00060,370,1,0.08333333333333333,0.3333333333333333,0.05263157894736842,0.1
ZMZFP,FR940405-0-00020,370,1,0.0,0.0,0.0,0.0
UOPBK,LA120790-0178,371,0,0.0,0.0,0.0,0.0
UOPBK,FBIS4-53596,373,0,0.0,0.0,0.0,0.0
HOMFA,FT924-8113,373,0,0.0,0.0,0.0,0.0
KIMCZ,FT924-4322,373,0,0.0,0.0,0.0,0.0
HOMFA,FT924-4322,373,0,0.0,0.0,0.0,0.0
VXDPZ,FT943-12288,375,0,0.09090909090909091,0.5,0.0,0.0
UOPBK,FT932-8409,375,0,0.09090909090909091,0.5,0.0,0.0
ZMZFP,FT932-8409,375,0,0.1,0.5,0.0,0.0
HSOAQ,FBIS3-48894,376,1,0.0,0.0,0.0,0.0
DDSCR,FBIS3-48894,376,1,0.0,0.0,0.0,0.0
UOPBK,FT941-15258,376,0,0.0,0.0,0.0,0.0
HSOAQ,FBIS3-22836,376,0,0.125,0.5,0.0,0.0
HOMFA,FBIS3-59251,378,0,0.0,0.0,0.05263157894736842,0.1
VXDPZ,FT921-8098,378,0,0.1,0.5,0.0,0.0
DDSCR,FT921-8098,378,0,0.1,0.5,0.0,0.0
UOPBK,LA040690-0016,379,0,0.0,0.0,0.0,0.0
ZMZFP,LA040690-0016,379,0,0.0,0.0,0.05263157894736842,0.1
UOPBK,FBIS4-51839,379,0,0.0,0.0,0.0,0.0
DDSCR,FBIS4-51839,379,0,0.0,0.0,0.0,0.0
UOPBK,FT924-1255,379,0,0.0,0.0,0.0,0.0
UOPBK,LA120790-0178,381,0,0.0,0.0,0.0,0.0
VXDPZ,FT923-437,381,0,0.1,0.5,0.0,0.0
UOPBK,FT923-437,381,0,0.09090909090909091,0.5,0.0,0.0
VXDPZ,LA061390-0077,382,0,0.0,0.0,0.0,0.0
HSOAQ,LA061390-0077,382,0,0.0,0.0,0.0,0.0
HOMFA,LA061390-0077,382,0,0.0,0.0,0.0,0.0
HOMFA,LA120890-0010,383,1,0.0,0.0,0.0,0.0
UOPBK,FT924-1255,386,0,0.08333333333333333,0.3333333333333333,0.0,0.0
UOPBK,FT943-14834,387,0,0.09090909090909091,0.5,0.1111111111111111,0.2
HSOAQ,FBIS3-22836,389,1,0.1111111111111111,0.3333333333333333,0.0,0.0
ZJDLX,FT931-4409,389,1,0.0,0.0,0.0,0.0
VXDPZ,FT931-4409,389,1,0.0,0.0,0.0,0.0
UOPBK,FT931-4409,389,1,0.0,0.0,0.0,0.0
ZMZFP,FT931-4409,389,1,0.0,0.0,0.0,0.0
HOMFA,FT924-8113,389,1,0.0,0.0,0.0,0.0
HOMFA,LA032989-0060,389,1,0.0,0.0,0.0,0.0
HSOAQ,FBIS3-7689,389,0,0.0,0.0,0.0,0.0
UOPBK,FT924-1255,390,0,0.0,0.0,0.0,0.0
VXDPZ,FT923-437,390,0,0.0,0.0,0.0,0.0
UOPBK,FT923-437,390,0,0.0,0.0,0.0,0.0
UOPBK,LA102589-0109,392,1,0.0,0.0,0.0,0.0
VXDPZ,LA052189-0013,393,1,0.0,0.0,0.0,0.0
KIMCZ,LA092990-0004,393,0,0.0,0.0,0.0,0.0
HOMFA,FT931-16191,394,0,0.0,0.0,0.0,0.0
VXDPZ,FT942-768,395,0,0.14285714285714285,1.0,0.0,0.0
HSOAQ,FT942-768,395,0,0.1,1.0,0.0,0.0
ZMZFP,FT942-768,395,0,0.16666666666666666,1.0,0.0,0.0
HOMFA,FBIS4-35578,395,0,0.1111111111111111,1.0,0.0,0.0
VXDPZ,FT922-3424,395,0,0.0,0.0,0.0,0.0
UOPBK,FT922-3424,395,0,0.0,0.0,0.0,0.0
KIMCZ,FT922-3424,395,0,0.1,1.0,0.0,0.0
ZMZFP,FR940405-1-00092,396,1,0.3,1.0,0.05263157894736842,0.1
VXDPZ,FBIS4-14446,396,0,0.0,0.0,0.0,0.0
HOMFA,FBIS4-14446,396,0,0.0,0.0,0.0,0.0
DDSCR,LA010590-0075,396,1,0.0,0.0,0.0,0.0
UOPBK,LA111690-0002,398,1,0.07692307692307693,0.25,0.0,0.0
ZMZFP,LA111690-0002,398,1,0.07692307692307693,0.25,0.0,0.0
HSOAQ,FT923-6521,398,0,0.0,0.0,0.0,0.0
UOPBK,FBIS3-19056,398,1,0.0,0.0,0.0,0.0
HSOAQ,LA051289-0178,398,0,0.07692307692307693,0.25,0.0,0.0
HOMFA,LA051289-0178,398,0,0.0,0.0,0.05263157894736842,0.1
ZMZFP,LA111690-0058,398,1,0.0,0.0,0.0,0.0
ZMZFP,FBIS4-52309,399,0,0.0,0.0,0.0,0.0
HSOAQ,FR940217-2-00013,399,1,0.0,0.0,0.0,0.0
KIMCZ,FR940217-2-00013,399,1,0.0,0.0,0.0,0.0
VXDPZ,FT944-4092,399,1,0.0,0.0,0.0,0.0
ZMZFP,FT944-4092,399,1,0.0,0.0,0.0,0.0
UOPBK,LA102289-0049,400,0,0.0,0.0,0.0,0.0
ZMZFP,LA102289-0049,400,0,0.0,0.0,0.0,0.0
UOPBK,FBIS3-60253,400,0,0.08333333333333333,0.3333333333333333,0.0,0.0
VXDPZ,FT924-4583,400,1,0.0,0.0,0.0,0.0
KIMCZ,FT924-4583,400,1,0.0,0.0,0.0,0.0
ZJDLX,FBIS3-39240,401,1,0.0,0.0,0.0,0.0
HSOAQ,FBIS3-39240,401,1,0.08333333333333333,0.3333333333333333,0.0,0.0
VXDPZ,FBIS3-39240,401,1,0.14285714285714285,0.3333333333333333,0.0,0.0
UOPBK,FBIS3-39240,401,1,0.08333333333333333,0.3333333333333333,0.0,0.0
KIMCZ,FBIS3-39240,401,1,0.08333333333333333,0.3333333333333333,0.0,0.0
DDSCR,FBIS3-39240,401,1,0.0,0.0,0.0,0.0
ZMZFP,FBIS3-39240,401,1,0.1,0.3333333333333333,0.0,0.0
HOMFA,FBIS3-39240,401,1,0.08333333333333333,0.3333333333333333,0.0,0.0
ZMZFP,LA100490-0070,401,0,0.0,0.0,0.0,0.0
HOMFA,LA100490-0070,401,0,0.0,0.0,0.0,0.0
KIMCZ,FBIS4-31073,401,0,0.08333333333333333,0.3333333333333333,0.0,0.0
UOPBK,FBIS3-58832,401,1,0.0,0.0,0.0,0.0
UOPBK,LA100590-0009,401,1,0.08333333333333333,0.3333333333333333,0.0,0.0
ZMZFP,FT944-1628,401,0,0.0,0.0,0.0,0.0
UOPBK,FT924-979,403,1,0.1,1.0,0.05263157894736842,0.1
HSOAQ,FR940525-1-00060,403,0,0.0,0.0,0.0,0.0
UOPBK,FR940525-1-00060,403,0,0.0,0.0,0.0,0.0
ZMZFP,FT921-5044,407,0,0.08333333333333333,0.3333333333333333,0.05263157894736842,0.1
DDSCR,FR940511-0-00062,407,0,0.0,0.0,0.0,0.0
VXDPZ,LA061390-0077,407,0,0.0,0.0,0.0,0.0
HSOAQ,LA061390-0077,407,0,0.0,0.0,0.0,0.0
HOMFA,LA061390-0077,407,0,0.0,0.0,0.0,0.0
HOMFA,FR941207-1-00023,407,0,0.09090909090909091,0.3333333333333333,0.0,0.0
VXDPZ,FR941122-0-00087,407,0,0.0,0.0,0.0,0.0
UOPBK,FR941122-0-00087,407,0,0.08333333333333333,0.3333333333333333,0.0,0.0
VXDPZ,FT922-13711,407,0,0.0,0.0,0.0,0.0
UOPBK,FT922-13711,407,0,0.0,0.0,0.0,0.0
ZMZFP,FT923-6110,408,1,0.0,0.0,0.0,0.0
UOPBK,FT923-4554,408,0,0.0,0.0,0.0,0.0
UOPBK,FBIS3-60253,408,0,0.09090909090909091,0.5,0.0,0.0
ZMZFP,FT942-2505,409,0,0.1111111111111111,0.3333333333333333,0.0,0.0
HOMFA,FT942-2505,409,0,0.0,0.0,0.0,0.0
UOPBK,LA081789-0025,409,0,0.0,0.0,0.0,0.0
HOMFA,FT923-3617,410,1,0.0,0.0,0.0,0.0
ZMZFP,FT944-1628,410,1,0.16666666666666666,0.5,0.05263157894736842,0.1
HOMFA,FR941207-1-00023,411,0,0.0,0.0,0.0,0.0
ZMZFP,FT944-15143,411,0,0.0,0.0,0.0,0.0
HOMFA,FT944-15143,411,0,0.0,0.0,0.0,0.0
VXDPZ,FT921-12562,411,0,0.0,0.0,0.0,0.0
ZMZFP,FT921-12562,411,0,0.0,0.0,0.0,0.0
HSOAQ,FBIS3-40185,414,0,0.08333333333333333,0.3333333333333333,0.05263157894736842,0.1
VXDPZ,FBIS3-40185,414,0,0.1111111111111111,0.3333333333333333,0.05263157894736842,0.1
ZJDLX,FBIS3-40185,414,0,0.0,0.0,0.0,0.0
UOPBK,FBIS3-40185,414,0,0.08333333333333333,0.3333333333333333,0.05263157894736842,0.1
KIMCZ,FBIS3-40185,414,0,0.08333333333333333,0.3333333333333333,0.0,0.0
DDSCR,FBIS3-40185,414,0,0.1,0.3333333333333333,0.0,0.0
ZMZFP,FBIS3-40185,414,0,0.125,0.3333333333333333,0.0,0.0
HOMFA,FBIS3-40185,414,0,0.125,0.3333333333333333,0.05263157894736842,0.1
KIMCZ,FT934-7301,417,0,0.0,0.0,0.0,0.0
UOPBK,FBIS3-10018,417,0,0.0,0.0,0.0,0.0
HOMFA,FBIS3-10018,417,0,0.0,0.0,0.0,0.0
HOMFA,FR940831-2-00152,417,0,0.0,0.0,0.0,0.0
UOPBK,FT932-8409,420,0,0.0,0.0,0.0,0.0
ZMZFP,FT932-8409,420,0,0.0,0.0,0.0,0.0
UOPBK,FT943-14834,421,0,0.18181818181818182,0.6666666666666666,0.05263157894736842,0.1
HOMFA,FT921-14761,422,0,0.08333333333333333,0.3333333333333333,0.0,0.0
KIMCZ,FT924-4322,422,0,0.0,0.0,0.0,0.0
HOMFA,FT924-4322,422,0,0.0,0.0,0.0,0.0
KIMCZ,FT924-4322,425,0,0.0,0.0,0.0,0.0
HOMFA,FT924-4322,425,0,0.0,0.0,0.0,0.0
VXDPZ,LA122889-0074,425,1,0.16666666666666666,0.5,0.25,0.4
HOMFA,LA122889-0074,425,1,0.09090909090909091,0.5,0.25,0.4
VXDPZ,FBIS4-17908,426,1,0.0,0.0,0.0,0.0
VXDPZ,FR941122-0-00087,426,0,0.0,0.0,0.0,0.0
UOPBK,FR941122-0-00087,426,0,0.0,0.0,0.0,0.0
HSOAQ,LA050290-0059,427,0,0.0,0.0,0.0,0.0
UOPBK,FBIS4-51839,428,1,0.08333333333333333,0.3333333333333333,0.17647058823529413,0.3
DDSCR,FBIS4-51839,428,1,0.1,0.3333333333333333,0.3333333333333333,0.5
VXDPZ,FBIS3-22688,428,0,0.09090909090909091,0.3333333333333333,0.0,0.0
VXDPZ,FR941122-0-00087,428,0,0.0,0.0,0.0,0.0
UOPBK,FR941122-0-00087,428,0,0.0,0.0,0.0,0.0
UOPBK,LA041989-0063,430,0,0.0,0.0,0.0,0.0
UOPBK,LA102589-0109,431,1,0.0,0.0,0.0,0.0
DDSCR,LA112789-0106,434,1,0.1,0.5,0.17647058823529413,0.3
KIMCZ,FBIS4-47102,434,1,0.09090909090909091,0.5,0.0,0.0
ZMZFP,FBIS4-47102,434,1,0.1,0.5,0.0,0.0
ZMZFP,FBIS4-40530,434,1,0.125,0.5,0.05263157894736842,0.1
VXDPZ,FBIS3-22688,434,0,0.1,0.5,0.0,0.0
HOMFA,FBIS4-62259,434,1,0.09090909090909091,0.5,0.0,0.0
VXDPZ,FR941122-0-00087,435,0,0.1,0.3333333333333333,0.0,0.0
UOPBK,FR941122-0-00087,435,0,0.08333333333333333,0.3333333333333333,0.0,0.0
VXDPZ,FBIS3-22688,435,1,0.0,0.0,0.0,0.0
VXDPZ,LA082989-0016,436,1,0.0,0.0,0.0,0.0
ZMZFP,LA082989-0016,436,1,0.0,0.0,0.0,0.0
ZJDLX,LA010189-0141,436,1,0.0,0.0,0.0,0.0
YHZWN,FT934-3952,436,0,0.0,0.0,0.0,0.0
SSPNB,FT934-3952,436,0,0.0,0.0,0.0,0.0
TZUGR,FT934-3952,436,0,0.0,0.0,0.0,0.0
LTSZL,FT934-3952,436,0,0.0,0.0,0.0,0.0
QQKEF,FT934-3952,436,0,0.0,0.0,0.0,0.0
SNEBC,FT934-3952,436,0,0.09090909090909091,0.5,0.0,0.0
BLOPD,FT934-3952,436,0,0.0,0.0,0.0,0.0
HYEAM,FT934-3952,436,0,0.0,0.0,0.0,0.0
LNLKA,FT934-3952,436,0,0.0,0.0,0.0,0.0
VXDPZ,LA031490-0077,436,1,0.0,0.0,0.0,0.0
HOMFA,FT933-3647,437,1,0.0,0.0,0.0,0.0
HOMFA,LA060390-0136,438,0,0.0,0.0,0.05263157894736842,0.1
VXDPZ,FT942-768,438,1,0.125,0.5,0.0,0.0
HSOAQ,FT942-768,438,1,0.09090909090909091,0.5,0.0,0.0
ZMZFP,FT942-768,438,1,0.14285714285714285,0.5,0.0,0.0
HOMFA,FBIS4-35578,438,0,0.1,0.5,0.0,0.0
UOPBK,LA031789-0039,439,0,0.0,0.0,0.0,0.0
HOMFA,FBIS3-9311,439,0,0.0,0.0,0.0,0.0
HSOAQ,FR940217-2-00013,439,0,0.0,0.0,0.0,0.0
KIMCZ,FR940217-2-00013,439,0,0.08333333333333333,0.3333333333333333,0.0,0.0
UOPBK,FT941-11412,439,1,0.0,0.0,0.0,0.0
VXDPZ,FR940817-2-00019,439,1,0.0,0.0,0.0,0.0
HOMFA,FR940817-2-00019,439,1,0.0,0.0,0.0,0.0
HSOAQ,LA122289-0076,440,0,0.0,0.0,0.0,0.0
KIMCZ,FBIS3-45804,440,0,0.09090909090909091,0.5,0.0,0.0
HSOAQ,FR940525-1-00060,442,0,0.0,0.0,0.0,0.0
UOPBK,FR940525-1-00060,442,0,0.0,0.0,0.0,0.0
UOPBK,FT941-8610,443,0,0.0,0.0,0.0,0.0
UOPBK,FT932-8409,444,0,0.0,0.0,0.0,0.0
ZMZFP,FT932-8409,444,0,0.0,0.0,0.0,0.0
UOPBK,LA040690-0016,445,0,0.09090909090909091,0.5,0.0,0.0
ZMZFP,LA040690-0016,445,0,0.1,0.5,0.0,0.0
VXDPZ,FT942-7776,445,0,0.0,0.0,0.0,0.0
HSOAQ,FT931-11616,445,1,0.2,1.0,0.1111111111111111,0.2
VXDPZ,FBIS3-22688,445,0,0.1,0.5,0.0,0.0
HSOAQ,FBIS3-33282,446,0,0.125,0.5,0.0,0.0
KIMCZ,FBIS3-33282,446,0,0.09090909090909091,0.5,0.0,0.0
HOMFA,FBIS3-33282,446,0,0.1111111111111111,0.5,0.0,0.0
HOMFA,FT933-15380,446,1,0.0,0.0,0.05263157894736842,0.1
HSOAQ,FR940505-1-00242,447,0,0.0,0.0,0.0,0.0
VXDPZ,FR940505-1-00242,447,0,0.0,0.0,0.0,0.0
UOPBK,FR940505-1-00242,447,0,0.09090909090909091,0.5,0.0,0.0
UOPBK,FT944-5248,448,0,0.09090909090909091,0.5,0.0,0.0
HOMFA,FT944-5248,448,0,0.0,0.0,0.0,0.0
ZMZFP,FT944-15143,448,0,0.09090909090909091,0.5,0.05263157894736842,0.1
HOMFA,FT944-15143,448,0,0.09090909090909091,0.5,0.05263157894736842,0.1
ZMZFP,FR940405-0-00020,448,0,0.0,0.0,0.0,0.0
VXDPZ,FT923-437,449,1,0.0,0.0,0.0,0.0
UOPBK,FT923-437,449,1,0.0,0.0,0.0,0.0
HOMFA,LA022389-0218,450,1,0.08333333333333333,0.3333333333333333,0.0,0.0
VXDPZ,FT941-10100,450,1,0.25,0.6666666666666666,0.05263157894736842,0.1
ZJDLX,FT941-10100,450,1,0.0,0.0,0.0,0.0
HSOAQ,FT941-10100,450,1,0.3,1.0,0.05263157894736842,0.1
UOPBK,FT941-10100,450,1,0.3,1.0,0.1111111111111111,0.2
KIMCZ,FT941-10100,450,1,0.18181818181818182,0.6666666666666666,0.0,0.0
DDSCR,FT941-10100,450,1,0.0,0.0,0.0,0.0
ZMZFP,FT941-10100,450,1,0.375,1.0,0.05263157894736842,0.1
HOMFA,FT941-10100,450,1,0.0,0.0,0.0,0.0
HOMFA,LA102689-0143,601,0,0.0,0.0,0.0,0.0
KIMCZ,FT943-9539,603,0,0.0,0.0,0.0,0.0
VXDPZ,FR941122-0-00087,606,0,0.0,0.0,0.0,0.0
UOPBK,FR941122-0-00087,606,0,0.0,0.0,0.0,0.0
UOPBK,FT933-219,608,0,0.0,0.0,0.0,0.0
KIMCZ,FT933-219,608,0,0.0,0.0,0.0,0.0
ZMZFP,FT933-219,608,0,0.0,0.0,0.0,0.0
HOMFA,FT933-219,608,0,0.0,0.0,0.0,0.0
UOPBK,FT924-979,609,0,0.0,0.0,0.0,0.0
VXDPZ,FT922-3424,617,1,0.3333333333333333,0.6666666666666666,0.17647058823529413,0.3
UOPBK,FT922-3424,617,1,0.18181818181818182,0.6666666666666666,0.05263157894736842,0.1
KIMCZ,FT922-3424,617,1,0.18181818181818182,0.6666666666666666,0.1111111111111111,0.2
HSOAQ,FT931-11616,621,1,0.2727272727272727,0.75,0.17647058823529413,0.3
KIMCZ,FBIS3-23491,625,0,0.0,0.0,0.0,0.0
UOPBK,FR940406-2-00174,625,0,0.0,0.0,0.0,0.0
HOMFA,FT933-15380,626,0,0.0,0.0,0.0,0.0
HSOAQ,FBIS4-63852,627,0,0.0,0.0,0.0,0.0
UOPBK,FBIS4-63852,627,0,0.0,0.0,0.0,0.0
HOMFA,FT943-7580,627,0,0.0,0.0,0.0,0.0
ZMZFP,LA081789-0020,629,0,0.1111111111111111,0.3333333333333333,0.0,0.0
ZMZFP,FR940405-1-00092,630,0,0.08333333333333333,0.3333333333333333,0.0,0.0
ZMZFP,FBIS4-52309,631,1,0.18181818181818182,0.5,0.1111111111111111,0.2
HSOAQ,FBIS3-48894,632,0,0.0,0.0,0.0,0.0
DDSCR,FBIS3-48894,632,0,0.0,0.0,0.0,0.0
VXDPZ,LA111789-0141,633,0,0.0,0.0,0.0,0.0
DDSCR,LA111789-0141,633,0,0.0,0.0,0.0,0.0
VXDPZ,LA042090-0123,634,0,0.08333333333333333,0.3333333333333333,0.0,0.0
VXDPZ,LA052189-0013,635,0,0.0,0.0,0.0,0.0
VXDPZ,LA052189-0013,636,0,0.0,0.0,0.0,0.0
HOMFA,LA120890-0010,636,0,0.0,0.0,0.0,0.0
KIMCZ,LA092990-0004,636,2,0.08333333333333333,0.3333333333333333,0.0,0.0
UOPBK,FBIS3-23959,636,0,0.0,0.0,0.0,0.0
HSOAQ,LA060889-0033,637,0,0.0,0.0,0.0,0.0
VXDPZ,LA060590-0046,638,0,0.0,0.0,0.0,0.0
HSOAQ,LA060590-0046,638,0,0.0,0.0,0.0,0.0
HOMFA,LA060590-0046,638,0,0.0,0.0,0.0,0.0
KIMCZ,FT941-5957,640,0,0.0,0.0,0.0,0.0
HOMFA,FT943-7580,640,0,0.0,0.0,0.0,0.0
VXDPZ,LA040789-0040,641,1,0.18181818181818182,0.5,0.1111111111111111,0.2
ZMZFP,LA040789-0040,641,1,0.16666666666666666,0.5,0.1111111111111111,0.2
VXDPZ,LA061390-0077,641,0,0.0,0.0,0.0,0.0
HSOAQ,LA061390-0077,641,0,0.0,0.0,0.0,0.0
HOMFA,LA061390-0077,641,0,0.0,0.0,0.05263157894736842,0.1
KIMCZ,FT934-7301,643,0,0.07692307692307693,0.25,0.0,0.0
VXDPZ,FR941122-0-00087,644,0,0.0,0.0,0.0,0.0
UOPBK,FR941122-0-00087,644,0,0.0,0.0,0.0,0.0
KIMCZ,FT924-4322,645,1,0.2,1.0,0.3333333333333333,0.5
HOMFA,FT924-4322,645,1,0.2,1.0,0.25,0.4
HOMFA,FT921-14761,647,0,0.0,0.0,0.0,0.0
UOPBK,FT932-8409,647,0,0.0,0.0,0.0,0.0
ZMZFP,FT932-8409,647,0,0.0,0.0,0.0,0.0
VXDPZ,FT942-4421,647,0,0.09090909090909091,0.5,0.0,0.0
ZMZFP,FT942-4421,647,0,0.09090909090909091,0.5,0.0,0.0
KIMCZ,FT942-8508,648,0,0.0,0.0,0.0,0.0
ZMZFP,LA100490-0070,648,0,0.09090909090909091,0.3333333333333333,0.0,0.0
HOMFA,LA100490-0070,648,0,0.0,0.0,0.0,0.0
KIMCZ,FT923-2323,648,1,0.0,0.0,0.0,0.0
HOMFA,LA083089-0044,650,0,0.2,0.6666666666666666,0.17647058823529413,0.3
UOPBK,FBIS4-33117,650,0,0.08333333333333333,0.3333333333333333,0.0,0.0
HOMFA,FT943-7580,651,0,0.0,0.0,0.0,0.0
UOPBK,FR940406-2-00174,651,2,0.0,0.0,0.0,0.0
KIMCZ,LA032489-0044,654,0,0.0,0.0,0.0,0.0
HOMFA,LA120890-0010,654,0,0.0,0.0,0.0,0.0
UOPBK,FBIS4-51839,655,0,0.0,0.0,0.0,0.0
DDSCR,FBIS4-51839,655,0,0.0,0.0,0.0,0.0
KIMCZ,LA032489-0044,658,2,0.2,1.0,0.1111111111111111,0.2
UOPBK,FT924-1255,658,0,0.0,0.0,0.0,0.0
UOPBK,LA040690-0016,658,0,0.0,0.0,0.0,0.0
ZMZFP,LA040690-0016,658,0,0.0,0.0,0.0,0.0
VXDPZ,FBIS3-22688,658,0,0.1,0.5,0.0,0.0
UOPBK,FBIS4-51839,658,0,0.0,0.0,0.25,0.4
DDSCR,FBIS4-51839,658,0,0.0,0.0,0.0,0.0
VXDPZ,FT924-4768,659,0,0.1111111111111111,0.3333333333333333,0.0,0.0
UOPBK,FT944-5248,659,1,0.08333333333333333,0.3333333333333333,0.0,0.0
HOMFA,FT944-5248,659,1,0.08333333333333333,0.3333333333333333,0.0,0.0
UOPBK,FT941-11412,661,0,0.0,0.0,0.0,0.0
VXDPZ,FBIS4-51781,661,0,0.0,0.0,0.0,0.0
ZMZFP,LA071190-0029,662,1,0.0,0.0,0.0,0.0
HOMFA,LA061489-0087,662,1,0.0,0.0,0.0,0.0
UOPBK,LA111489-0003,664,2,0.3,1.0,0.1111111111111111,0.2
KIMCZ,LA111489-0003,664,2,0.18181818181818182,0.6666666666666666,0.1111111111111111,0.2
UOPBK,FT924-1255,665,1,0.16666666666666666,0.5,0.0,0.0
HOMFA,LA050390-0240,666,0,0.07692307692307693,0.3333333333333333,0.1111111111111111,0.2
VXDPZ,FBIS3-22688,667,0,0.0,0.0,0.0,0.0
UOPBK,FT924-1255,668,0,0.09090909090909091,0.5,0.1111111111111111,0.2
VXDPZ,FBIS3-54525,669,1,0.1111111111111111,0.5,0.0,0.0
VXDPZ,LA061390-0077,670,0,0.0,0.0,0.0,0.0
HSOAQ,LA061390-0077,670,0,0.0,0.0,0.0,0.0
HOMFA,LA061390-0077,670,0,0.0,0.0,0.0,0.0
VXDPZ,LA112090-0041,671,1,0.0,0.0,0.0,0.0
DDSCR,LA101789-0057,674,0,0.0,0.0,0.0,0.0
UOPBK,FBIS4-51839,678,0,0.0,0.0,0.0,0.0
DDSCR,FBIS4-51839,678,0,0.0,0.0,0.0,0.0
VXDPZ,FT943-12288,681,2,0.18181818181818182,0.6666666666666666,0.17647058823529413,0.3
ZMZFP,LA100490-0070,682,0,0.0,0.0,0.0,0.0
HOMFA,LA100490-0070,682,0,0.0,0.0,0.0,0.0
HOMFA,FBIS4-2353,682,0,0.09090909090909091,0.3333333333333333,0.0,0.0
KIMCZ,FT941-5957,684,1,0.0,0.0,0.0,0.0
UOPBK,LA031789-0039,685,0,0.0,0.0,0.0,0.0
VXDPZ,FT924-2507,687,2,0.14285714285714285,0.3333333333333333,0.05263157894736842,0.1
UOPBK,FT924-2507,687,2,0.18181818181818182,0.6666666666666666,0.05263157894736842,0.1
HSOAQ,FT942-6494,687,1,0.0,0.0,0.0,0.0
HOMFA,FT921-5609,688,1,0.09090909090909091,0.16666666666666666,0.1111111111111111,0.2
HSOAQ,FT943-8528,688,1,0.06666666666666667,0.16666666666666666,0.0,0.0
VXDPZ,FBIS3-22688,688,0,0.0,0.0,0.0,0.0
VXDPZ,LA052189-0013,689,0,0.0,0.0,0.0,0.0
VXDPZ,FBIS3-22688,689,0,0.2,0.6666666666666666,0.0,0.0
HSOAQ,FT944-11346,693,1,0.3,1.0,0.17647058823529413,0.3
ZMZFP,FT944-11346,693,1,0.3333333333333333,1.0,0.3333333333333333,0.5
VXDPZ,LA052190-0103,694,0,0.0,0.0,0.0,0.0
HSOAQ,LA011489-0121,695,0,0.0,0.0,0.0,0.0
VXDPZ,FT924-4768,696,0,0.1111111111111111,0.3333333333333333,0.0,0.0
VXDPZ,LA080489-0057,699,0,0.1,0.5,0.0,0.0
UOPBK,LA060790-0008,700,1,0.07142857142857142,0.2,0.0,0.0
ZMZFP,LA060790-0008,700,1,0.1,0.2,0.0,0.0
UOPBK,LA031990-0016,700,2,0.07142857142857142,0.2,0.0,0.0
KIMCZ,LA031990-0016,700,2,0.07142857142857142,0.2,0.0,0.0
HOMFA,FT943-13263,700,0,0.0,0.0,0.0,0.0
ZMZFP,WTX064-B48-196,451,1,0.14285714285714285,0.5,0.05263157894736842,0.1
HOMFA,WTX018-B14-145,452,2,0.0,0.0,0.0,0.0
ZMZFP,WTX064-B48-196,452,0,0.0,0.0,0.0,0.0
ZJDLX,WTX057-B41-159,453,1,0.0,0.0,0.0,0.0
HOMFA,WTX057-B41-159,453,1,0.1,1.0,0.05263157894736842,0.1
HSOAQ,WTX054-B01-194,454,1,0.09090909090909091,0.5,0.05263157894736842,0.1
ZMZFP,WTX051-B26-13,454,2,0.2222222222222222,1.0,0.17647058823529413,0.3
HSOAQ,WTX081-B02-21,454,1,0.0,0.0,0.05263157894736842,0.1
KIMCZ,WTX081-B02-21,454,1,0.0,0.0,0.05263157894736842,0.1
UOPBK,WTX053-B35-467,457,0,0.0,0.0,0.0,0.0
HOMFA,WTX053-B35-467,457,0,0.0,0.0,0.0,0.0
HOMFA,WTX047-B39-305,457,1,0.125,0.5,0.0,0.0
UOPBK,WTX020-B26-197,459,0,0.08333333333333333,0.3333333333333333,0.0,0.0
KIMCZ,WTX014-B11-321,462,0,0.0,0.0,0.0,0.0
DDSCR,WTX098-B38-283,462,1,0.0,0.0,0.0,0.0
HOMFA,WTX098-B38-283,462,1,0.0,0.0,0.0,0.0
KIMCZ,WTX095-B05-293,467,2,0.16666666666666666,0.5,0.05263157894736842,0.1
UOPBK,WTX046-B34-91,471,0,0.18181818181818182,0.6666666666666666,0.17647058823529413,0.3
KIMCZ,WTX093-B38-193,472,0,0.0,0.0,0.0,0.0
HSOAQ,WTX100-B38-46,474,0,0.0,0.0,0.0,0.0
UOPBK,WTX089-B12-407,475,0,0.0,0.0,0.0,0.0
UOPBK,WTX045-B28-110,476,1,0.08333333333333333,0.5,0.05263157894736842,0.1
VXDPZ,WTX091-B19-93,477,0,0.0,0.0,0.0,0.0
KIMCZ,WTX091-B19-93,477,0,0.0,0.0,0.0,0.0
HOMFA,WTX091-B19-93,477,0,0.0,0.0,0.0,0.0
HSOAQ,WTX095-B42-140,477,0,0.09090909090909091,0.25,0.0,0.0
HOMFA,WTX091-B17-152,478,0,0.1,1.0,0.0,0.0
KIMCZ,WTX102-B11-388,479,0,0.0,0.0,0.0,0.0
VXDPZ,WTX101-B11-76,480,0,0.08333333333333333,0.3333333333333333,0.1111111111111111,0.2
ZJDLX,WTX101-B11-76,480,0,0.0,0.0,0.0,0.0
HSOAQ,WTX101-B11-76,480,0,0.08333333333333333,0.3333333333333333,0.1111111111111111,0.2
UOPBK,WTX101-B11-76,480,0,0.08333333333333333,0.3333333333333333,0.1111111111111111,0.2
KIMCZ,WTX101-B11-76,480,0,0.0,0.0,0.05263157894736842,0.1
DDSCR,WTX101-B11-76,480,0,0.0,0.0,0.0,0.0
ZMZFP,WTX101-B11-76,480,0,0.09090909090909091,0.3333333333333333,0.1111111111111111,0.2
HOMFA,WTX101-B11-76,480,0,0.08333333333333333,0.3333333333333333,0.1111111111111111,0.2
HOMFA,WTX059-B09-72,481,1,0.0,0.0,0.0,0.0
HSOAQ,WTX089-B39-68,483,0,0.0,0.0,0.0,0.0
HSOAQ,WTX038-B09-325,484,0,0.0,0.0,0.0,0.0
VXDPZ,WTX026-B17-307,490,0,0.09090909090909091,0.3333333333333333,0.0,0.0
HOMFA,WTX026-B17-307,490,0,0.14285714285714285,0.3333333333333333,0.0,0.0
HOMFA,WTX089-B19-268,491,1,0.0,0.0,0.0,0.0
VXDPZ,WTX018-B45-20,493,0,0.0,0.0,0.0,0.0
ZMZFP,WTX018-B45-20,493,0,0.0,0.0,0.0,0.0
DDSCR,WTX098-B02-3,493,0,0.0,0.0,0.0,0.0
VXDPZ,WTX091-B03-478,493,0,0.0,0.0,0.0,0.0
UOPBK,WTX091-B03-478,493,0,0.0,0.0,0.0,0.0
VXDPZ,WTX091-B18-4,493,1,0.125,1.0,0.0,0.0
KIMCZ,WTX032-B45-230,494,1,0.0,0.0,0.0,0.0
KIMCZ,WTX077-B24-251,494,1,0.0,0.0,0.0,0.0
KIMCZ,WTX035-B24-76,495,1,0.0,0.0,0.0,0.0
UOPBK,WTX015-B32-32,495,1,0.07692307692307693,0.25,0.0,0.0
HSOAQ,WTX103-B08-129,495,1,0.09090909090909091,0.25,0.0,0.0
HOMFA,WTX103-B08-129,495,1,0.0,0.0,0.0,0.0
VXDPZ,WTX081-B24-154,495,1,0.0,0.0,0.0,0.0
VXDPZ,WTX069-B10-201,495,1,0.0,0.0,0.0,0.0
HSOAQ,WTX069-B10-201,495,1,0.07692307692307693,0.25,0.0,0.0
KIMCZ,WTX069-B10-201,495,1,0.0,0.0,0.0,0.0
HOMFA,WTX069-B10-201,495,1,0.0,0.0,0.0,0.0
UOPBK,WTX029-B30-527,499,0,0.0,0.0,0.0,0.0
KIMCZ,WTX029-B30-527,499,0,0.0,0.0,0.0,0.0
VXDPZ,WTX016-B14-3,500,1,0.2857142857142857,1.0,0.05263157894736842,0.1
ZJDLX,WTX016-B14-3,500,1,0.0,0.0,0.0,0.0
HSOAQ,WTX016-B14-3,500,1,0.18181818181818182,1.0,0.0,0.0
DDSCR,WTX016-B14-3,500,1,0.2,0.5,0.05263157894736842,0.1
UOPBK,WTX016-B14-3,500,1,0.2,1.0,0.05263157894736842,0.1
KIMCZ,WTX016-B14-3,500,1,0.2,1.0,0.0,0.0
ZMZFP,WTX016-B14-3,500,1,0.25,1.0,0.0,0.0
HOMFA,WTX016-B14-3,500,1,0.2,1.0,0.05263157894736842,0.1
VXDPZ,WTX005-B32-89,502,0,0.0,0.0,0.0,0.0
HSOAQ,WTX005-B32-89,502,0,0.0,0.0,0.0,0.0
KIMCZ,WTX017-B49-75,502,0,0.0,0.0,0.0,0.0
ZJDLX,WTX099-B24-354,503,0,0.0,0.0,0.0,0.0
HSOAQ,WTX099-B24-354,503,0,0.0,0.0,0.0,0.0
VXDPZ,WTX099-B24-354,503,0,0.125,0.5,0.0,0.0
UOPBK,WTX099-B24-354,503,0,0.09090909090909091,0.5,0.0,0.0
KIMCZ,WTX099-B24-354,503,0,0.09090909090909091,0.5,0.0,0.0
DDSCR,WTX099-B24-354,503,0,0.0,0.0,0.0,0.0
ZMZFP,WTX099-B24-354,503,0,0.16666666666666666,0.5,0.0,0.0
HOMFA,WTX099-B24-354,503,0,0.125,0.5,0.0,0.0
HSOAQ,WTX075-B17-172,503,1,0.09090909090909091,0.5,0.0,0.0
ZMZFP,WTX075-B17-172,503,1,0.0,0.0,0.0,0.0
HOMFA,WTX075-B39-322,504,0,0.18181818181818182,0.6666666666666666,0.05263157894736842,0.1
VXDPZ,WTX026-B08-107,507,0,0.0,0.0,0.0,0.0
ZJDLX,WTX026-B08-107,507,0,0.0,0.0,0.0,0.0
HSOAQ,WTX026-B08-107,507,0,0.0,0.0,0.0,0.0
DDSCR,WTX026-B08-107,507,0,0.0,0.0,0.0,0.0
UOPBK,WTX026-B08-107,507,0,0.0,0.0,0.0,0.0
KIMCZ,WTX026-B08-107,507,0,0.0,0.0,0.0,0.0
ZMZFP,WTX026-B08-107,507,0,0.0,0.0,0.0,0.0
HOMFA,WTX026-B08-107,507,0,0.0,0.0,0.0,0.0
DDSCR,WTX020-B20-176,509,1,0.0,0.0,0.0,0.0
HSOAQ,WTX055-B20-171,511,0,0.08333333333333333,0.3333333333333333,0.1111111111111111,0.2
UOPBK,WTX004-B02-400,513,1,0.0,0.0,0.0,0.0
VXDPZ,WTX089-B35-206,515,0,0.0,0.0,0.0,0.0
HSOAQ,WTX089-B35-206,515,0,0.0,0.0,0.0,0.0
VXDPZ,WTX091-B19-93,517,1,0.08333333333333333,0.3333333333333333,0.0,0.0
KIMCZ,WTX091-B19-93,517,1,0.08333333333333333,0.3333333333333333,0.0,0.0
HOMFA,WTX091-B19-93,517,1,0.07692307692307693,0.3333333333333333,0.0,0.0
UOPBK,WTX082-B47-85,517,1,0.08333333333333333,0.3333333333333333,0.0,0.0
VXDPZ,WTX012-B01-13,518,0,0.0,0.0,0.0,0.0
KIMCZ,WTX049-B50-20,519,1,0.0,0.0,0.0,0.0
KIMCZ,WTX035-B22-303,519,1,0.0,0.0,0.0,0.0
UOPBK,WTX008-B25-3,519,1,0.0,0.0,0.0,0.0
VXDPZ,WTX075-B46-114,524,2,0.16666666666666666,0.5,0.0,0.0
VXDPZ,WTX027-B07-9,525,0,0.0,0.0,0.0,0.0
ZJDLX,WTX024-B42-140,525,0,0.0,0.0,0.0,0.0
HOMFA,WTX055-B12-189,526,0,0.0,0.0,0.0,0.0
UOPBK,WTX052-B12-194,527,0,0.0,0.0,0.0,0.0
HSOAQ,WTX076-B01-163,530,1,0.0,0.0,0.1111111111111111,0.2
DDSCR,WTX033-B27-117,530,0,0.0,0.0,0.0,0.0
VXDPZ,WTX033-B18-207,530,1,0.0,0.0,0.0,0.0
UOPBK,WTX033-B18-207,530,1,0.09090909090909091,0.3333333333333333,0.0,0.0
ZMZFP,WTX033-B18-207,530,1,0.1111111111111111,0.3333333333333333,0.05263157894736842,0.1
HSOAQ,WTX032-B12-153,530,1,0.1,0.3333333333333333,0.0,0.0
VXDPZ,WTX004-B09-278,530,1,0.1111111111111111,0.3333333333333333,0.0,0.0
KIMCZ,WTX037-B32-293,534,0,0.125,0.25,0.0,0.0
HSOAQ,WTX007-B23-168,537,0,0.08333333333333333,0.3333333333333333,0.0,0.0
HOMFA,WTX019-B40-24,537,0,0.0,0.0,0.0,0.0
HOMFA,WTX078-B32-69,537,0,0.0,0.0,0.05263157894736842,0.1
KIMCZ,WTX020-B20-34,537,0,0.0,0.0,0.1111111111111111,0.2
VXDPZ,WTX018-B20-194,537,0,0.14285714285714285,0.3333333333333333,0.0,0.0
ZJDLX,WTX018-B20-194,537,0,0.0,0.0,0.0,0.0
HSOAQ,WTX018-B20-194,537,0,0.0,0.0,0.0,0.0
DDSCR,WTX018-B20-194,537,0,0.0,0.0,0.0,0.0
UOPBK,WTX018-B20-194,537,0,0.08333333333333333,0.3333333333333333,0.0,0.0
KIMCZ,WTX018-B20-194,537,0,0.08333333333333333,0.3333333333333333,0.0,0.0
ZMZFP,WTX018-B20-194,537,0,0.0,0.0,0.0,0.0
HOMFA,WTX018-B20-194,537,0,0.0,0.0,0.0,0.0
VXDPZ,WTX075-B46-126,537,2,0.08333333333333333,0.3333333333333333,0.17647058823529413,0.3
HOMFA,WTX097-B15-21,541,1,0.125,0.3333333333333333,0.1111111111111111,0.2
ZJDLX,WTX024-B42-140,541,1,0.0,0.0,0.0,0.0
VXDPZ,WTX082-B28-250,544,2,0.09090909090909091,0.5,0.0,0.0
KIMCZ,WTX086-B44-254,544,2,0.0,0.0,0.0,0.0
VXDPZ,WTX094-B13-165,547,1,0.0,0.0,0.0,0.0
HOMFA,WTX102-B22-133,547,1,0.0,0.0,0.17647058823529413,0.3
VXDPZ,WTX077-B26-141,547,1,0.0,0.0,0.0,0.0
UOPBK,WTX077-B26-141,547,1,0.0,0.0,0.0,0.0
KIMCZ,WTX093-B38-193,548,0,0.0,0.0,0.0,0.0
KIMCZ,WTX060-B05-184,548,0,0.0,0.0,0.05263157894736842,0.1
VXDPZ,WTX042-B24-60,549,1,0.1111111111111111,0.25,0.05263157894736842,0.1
VXDPZ,WTX005-B32-89,549,1,0.08333333333333333,0.25,0.1111111111111111,0.2
HSOAQ,WTX005-B32-89,549,1,0.16666666666666666,0.5,0.1111111111111111,0.2
HOMFA,WTX005-B48-79,549,2,0.16666666666666666,0.5,0.0,0.0
VXDPZ,WTX005-B27-138,549,2,0.09090909090909091,0.25,0.1111111111111111,0.2
KIMCZ,WTX072-B20-153,549,1,0.0,0.0,0.0,0.0
HOMFA,WTX072-B20-153,549,1,0.0,0.0,0.0,0.0
ZMZFP,WTX014-B31-524,550,0,0.0,0.0,0.0,0.0
UOPBK,WTX014-B31-489,550,0,0.0,0.0,0.0,0.0
HOMFA,WTX014-B31-489,550,0,0.0,0.0,0.0,0.0
VXDPZ,WTX003-B06-129,550,0,0.0,0.0,0.0,0.0
